type, weight, height, attack, defence, label
ice, 9.63613404205658, 0.7509613323205941, 114.66024113909653, 104.34946973079488, Glaceon
normal, 2.9958004790585986, 0.2819636660741473, 104.92296661938032, 78.17204935984572, Rattata
normal, 2.71251920819938, 0.2578841207859384, 87.08534913430493, 96.4926751944107, Rattata
flying, 3.3003572760618916, 0.2676125160671804, 89.39711757518363, 83.30387946708863, Pidgey
ice, 218.18915987536042, 2.7060046145133914, 213.15510481170983, 161.9422850334264, Lapras
normal, 5.268912308319362, 0.4731832536536116, 104.82088880953825, 105.5845568267959, Meowth
ice, 229.67647834618452, 2.188106552921212, 176.55603574649186, 167.02601995006722, Lapras
flying, 2.970970669557269, 0.3186755499346799, 97.01637178612751, 83.35489726683842, Pidgey
normal, 3.2806549124448923, 0.3294401000555621, 90.65573015531449, 79.89364690162263, Rattata
fire, 11.271109452909915, 0.6085207858569827, 98.34355698187377, 120.55786287046075, Vulpix
fire, 87.7394045296814, 1.84935266045473, 171.05099131875014, 192.6393865555798, Ponyta
ice, 9.99175340284036, 0.7185614179814145, 132.7181736073987, 121.42729573570755, Glaceon
ice, 204.4831319130083, 2.5765634560856885, 164.67071353734713, 186.26439428770067, Lapras
fire, 10.526167975361371, 0.6450464234869709, 90.412092524159, 130.94766976449387, Vulpix
fire, 10.569874054233738, 0.5228239461774965, 92.9735081903655, 116.35846908114087, Vulpix
ice, 197.35413124069336, 2.3910682929112577, 199.98133474489998, 171.31720076314136, Lapras
flying, 2.812461409223306, 0.32558958801668675, 87.16966965875491, 82.32651551539635, Pidgey
normal, 5.670008775733886, 0.5347879443926427, 89.66636431463998, 91.07348850676416, Meowth
fire, 103.53357063217804, 1.9835400876746234, 200.90290020789257, 155.8366165833848, Ponyta
ice, 11.281644174326944, 0.7275303580155961, 102.4005419422569, 103.84842705681957, Glaceon
flying, 2.9765689146536465, 0.31986873147905004, 80.6435400287584, 79.58093236092733, Pidgey
fire, 9.104758731751561, 0.5285104571313334, 110.71368819794762, 131.28233743130951, Vulpix
flying, 7.0228350107530275, 0.7875556685725214, 101.72614220834652, 88.08950770170121, Zubat
ice, 221.02420071016576, 2.2440842561401038, 199.78244095456958, 196.74616997776417, Lapras
fire, 11.162403408153367, 0.6207355911141896, 112.6499971255299, 112.78323760785719, Vulpix
ice, 10.356134469781642, 0.7791230206409736, 114.08023800785647, 101.43326424229375, Glaceon
flying, 7.189904016766802, 0.6425669209464244, 79.51245437155632, 94.2078167069435, Zubat
normal, 6.855238058509517, 0.5291044104901116, 96.25964087869339, 92.69777528173364, Meowth
flying, 8.051947119770517, 0.7869746636618415, 93.31692020161469, 82.37397106497346, Zubat
fire, 9.401932885199301, 0.5891555528645784, 98.34821737227527, 117.05548704584137, Vulpix
fire, 102.02774995253675, 2.2977461417301734, 189.45645089834863, 160.88528248866552, Ponyta
flying, 2.5728814442976313, 0.2905826407103332, 80.2627575407982, 90.57575196374981, Pidgey
ice, 170.54337428873325, 2.8626559846134585, 167.792194668005, 202.70732173883417, Lapras
normal, 2.883529430008053, 0.2879347406562157, 105.61094740543578, 87.79501281824945, Rattata
fire, 100.1631101813662, 2.2316167286699935, 178.04020296988546, 146.84063082862326, Ponyta
ice, 12.415633541112571, 0.7583560742560839, 105.6185203646886, 117.65347039666108, Glaceon
flying, 7.86414170365548, 0.6506841896881937, 80.30308994099967, 88.77100491621663, Zubat
flying, 2.7352937853847448, 0.26075942027136967, 101.09919571760005, 96.73456873485743, Pidgey
flying, 2.582005070477592, 0.2864091695724085, 94.52597704538313, 78.6099510110542, Pidgey
fire, 91.61196712542935, 1.8840761250588096, 199.4861452284751, 169.40580894574782, Ponyta
normal, 6.652658749937733, 0.5349890308286498, 108.7550444323532, 83.23007983961968, Meowth
fire, 11.303474983501067, 0.6165460511555417, 109.61307483332385, 119.88864957450154, Vulpix
fire, 96.79281425134681, 2.249263535228302, 174.71127636118226, 182.3265535949754, Ponyta
ice, 10.389905882772375, 0.7422726199944024, 127.76248037084714, 120.38960496133745, Glaceon
ice, 9.356349795927592, 0.7774198972861778, 130.33560655233276, 95.62454808934307, Glaceon
ice, 10.187863889030922, 0.6097011419200924, 113.57963970932188, 102.31435001463869, Glaceon
ice, 172.05529957622042, 2.279276985544692, 178.63805884506974, 188.35301859426474, Lapras
fire, 8.915400605562715, 0.5328101303254915, 101.95028364592885, 112.92646895096031, Vulpix
ice, 10.725397266858566, 0.6904738663089988, 100.61764221635025, 117.22529225449235, Glaceon
fire, 9.50270783165004, 0.5262569112202851, 99.13074118461718, 122.1113300625647, Vulpix
normal, 3.0566927640004247, 0.30473042199319644, 90.68514912823973, 90.22574376934242, Rattata
fire, 11.371765433949165, 0.5893138266596397, 120.28495898700393, 125.2352172544456, Vulpix
normal, 3.0626755383439646, 0.27219684269596806, 91.26651164967679, 85.31847466239294, Rattata
normal, 2.8699966318557792, 0.30228122297519633, 82.27382914242773, 86.97353286663237, Rattata
normal, 5.31360304863506, 0.5463795383104343, 105.82719805285032, 105.36658263821079, Meowth
normal, 3.0600711810499317, 0.32169520467403895, 97.8651244440702, 83.15586873577922, Rattata
flying, 3.006931681062523, 0.33599403493344704, 94.62892896409001, 102.50427962064634, Pidgey
flying, 3.2610668390644983, 0.28254879649277687, 94.8879457039676, 98.64050461973807, Pidgey
ice, 9.902346134153929, 0.7565749427494028, 130.65458485906518, 111.53178861951021, Glaceon
flying, 3.269228687018222, 0.2701882174708433, 91.16223384875241, 83.96381768518495, Pidgey
ice, 10.129203846540042, 0.6356608414187306, 134.7844925744157, 119.02696479225403, Glaceon
ice, 11.163078243358637, 0.6100531662405883, 111.09955183897105, 120.43343394034967, Glaceon
fire, 8.974540761780553, 0.5191673084575048, 106.25246082359625, 100.37349709425358, Vulpix
ice, 12.119997328229516, 0.7894283259010922, 106.13687653362697, 104.5506318409074, Glaceon
ice, 189.3233712803791, 2.3723474593915257, 189.0166242350697, 195.36864980065832, Lapras
flying, 2.7948994311252653, 0.2719249130600635, 87.07876197366255, 91.48217297921168, Pidgey
ice, 207.8896924670384, 2.69077872361907, 177.02472411399742, 204.9085716350902, Lapras
ice, 11.063024021179558, 0.6014105942508293, 124.29680055461863, 107.85874158308435, Glaceon
normal, 6.565761986115653, 0.5716593094089869, 117.81454923061422, 94.48414988141447, Meowth
ice, 220.35285510289282, 2.2636093862039006, 190.10152879051333, 168.61838760932173, Lapras
normal, 2.7974098814926207, 0.32359598697133424, 91.285579398191, 75.20781618833874, Rattata
flying, 7.319987657528685, 0.6007622748158092, 102.09003193323738, 82.1915113719671, Zubat
fire, 9.88947326190794, 0.6276464224625767, 95.61301463125665, 102.89131228697279, Vulpix
fire, 9.25144100431825, 0.629065391651002, 117.20532359274405, 100.53074247126443, Vulpix
ice, 12.194607149320412, 0.7398880506815897, 131.8771019050574, 119.06076766263085, Glaceon
fire, 88.38743141149205, 2.034561690825977, 215.80723671611022, 173.11494460124646, Ponyta
fire, 84.5530531167207, 1.7560380499418633, 199.84480153820718, 178.24906829548013, Ponyta
fire, 9.757870286599704, 0.5554382745235906, 109.98224178702846, 124.64478782255068, Vulpix
normal, 6.7800040705024625, 0.4749375576371975, 110.7968666068131, 98.60750854810772, Meowth
ice, 189.44113904716244, 2.833912498368262, 184.150503473998, 166.3361191707267, Lapras
fire, 96.99419794442449, 2.073068992833745, 200.28835311301955, 192.66886129855175, Ponyta
ice, 11.278772117731343, 0.6749730341008646, 122.84710636890888, 109.68519665521288, Glaceon
flying, 6.877003732181848, 0.6752485291135487, 93.2853243071685, 91.60711972049664, Zubat
ice, 9.576572176383026, 0.7700976549820212, 109.66379825752014, 109.15293403068529, Glaceon
ice, 11.92217289926431, 0.6920891434116613, 112.22702300090218, 111.9434380184695, Glaceon
flying, 3.114034009246652, 0.3129030121962472, 80.13128168127464, 93.71766549047636, Pidgey
flying, 3.4117686463000583, 0.334452635933546, 97.63483486096241, 81.96396963266346, Pidgey
ice, 11.094815813108093, 0.6754419814547752, 133.61440684846153, 99.3363171811757, Glaceon
normal, 2.708744566268068, 0.31009539677982245, 104.14882509350983, 80.73841501095131, Rattata
flying, 2.7272940433683517, 0.2933985961378114, 88.39194562206526, 100.4586568954175, Pidgey
flying, 8.878295630301832, 0.6878497073292786, 86.15881330243704, 81.63280015255928, Zubat
ice, 10.743118298114178, 0.7948162853828041, 128.00250411577676, 116.8745818149232, Glaceon
flying, 8.021111699252879, 0.756130865407433, 83.42561747085368, 87.74863639965002, Zubat
flying, 3.0127823899483315, 0.26736133142666557, 93.27840279562713, 76.60594802672084, Pidgey
ice, 11.92839580776708, 0.764914253255766, 121.04821476619065, 117.47465646150023, Glaceon
ice, 200.44475887650498, 2.3875438068717187, 218.15811138858126, 164.1298837292889, Lapras
ice, 12.374662825954154, 0.6514324441734218, 107.8631714583784, 117.47512910721262, Glaceon
ice, 218.7818274178249, 2.560068461343707, 188.03094768097918, 207.69445332116155, Lapras
flying, 7.8490157354496715, 0.6674331336779316, 84.51046253277721, 94.63579712002765, Zubat
normal, 2.6361683114529355, 0.2653959038681793, 101.87154664573518, 83.63933287015722, Rattata
ice, 12.007199289766245, 0.6868631084250512, 124.39225505015787, 96.8054297766194, Glaceon
flying, 2.7172327329833585, 0.30341834511972837, 76.8724363841355, 101.4533630166647, Pidgey
fire, 8.755211248829182, 0.6297626518548495, 106.93324325044962, 129.63621118611812, Vulpix
ice, 11.492644604704076, 0.7552821631681482, 118.63998915335424, 111.68001600570324, Glaceon
normal, 2.837316199638739, 0.2884861250827201, 95.82955395564754, 76.64308520735763, Rattata
ice, 177.07761123523412, 2.461415800558661, 205.63816248896978, 210.94637151689335, Lapras
fire, 91.16132767579013, 1.853321061172237, 176.29131739193932, 194.62573155754762, Ponyta
normal, 2.8247679448579466, 0.28146547675070166, 85.61863590887162, 75.65404941229174, Rattata
flying, 2.9921326471781313, 0.29493060237662944, 80.11544416168852, 82.39501287631244, Pidgey
ice, 9.366003678850275, 0.7876294741075395, 102.69672986863539, 108.62383716875108, Glaceon
normal, 2.663566743978863, 0.25970265435733636, 91.57231703800139, 75.34208983792186, Rattata
ice, 12.624165356785863, 0.7265934948999901, 110.97110855437779, 95.19049604974109, Glaceon
normal, 6.0944064011597945, 0.4527627435272077, 117.38948450769368, 80.28515557047984, Meowth
ice, 185.94127451184653, 2.5419432877042887, 163.2746481730049, 211.70451510504338, Lapras
ice, 10.263930594722563, 0.7761274098625179, 100.49103667322214, 104.4202455868628, Glaceon
ice, 12.336354749721462, 0.7289492559162032, 124.88391780580483, 104.30442470023951, Glaceon
ice, 191.7711228153305, 2.1455268621283117, 197.80994149721764, 169.38987295510026, Lapras
normal, 3.4254451774741925, 0.2754765976944245, 88.23535349156316, 84.01388971900509, Rattata
flying, 8.667083370461405, 0.6278531611570526, 102.42430990400429, 83.83894605617812, Zubat
flying, 8.38408155337428, 0.6952388199415087, 103.14972861561414, 101.34398633781097, Zubat
flying, 2.908132085602959, 0.31725951608407665, 95.6336078299659, 87.8999747124721, Pidgey
flying, 3.3609522521711273, 0.341107611713916, 90.2956205012401, 97.0546449792272, Pidgey
flying, 8.937772024971657, 0.708110017186785, 84.9528785116718, 87.64593737248381, Zubat
fire, 9.076543729351876, 0.5258606992102668, 116.5985775623954, 133.5966701074988, Vulpix
fire, 100.04925024977273, 2.272964659507136, 200.70225360460552, 148.03937573978874, Ponyta
fire, 96.8303213778032, 1.8517007146113809, 222.28484478427356, 175.311251837575, Ponyta
fire, 9.067120049102192, 0.5389292935340558, 95.15173281116871, 104.39173342260378, Vulpix
ice, 10.419775248890165, 0.6382568318926314, 122.70796789754925, 102.7882019200603, Glaceon
fire, 10.387987221013256, 0.6507223677351218, 102.61238019685723, 130.89386921617148, Vulpix
flying, 7.601952130138862, 0.6302232788399604, 85.59666737466999, 95.34304724396867, Zubat
flying, 7.057535453840013, 0.7597398472749103, 80.37732731532769, 92.58965554468804, Zubat
normal, 6.166879699278277, 0.43645711582781865, 100.98200189933033, 94.5156040644671, Meowth
normal, 6.000198148634332, 0.508296926945996, 110.0230039883543, 103.31278279907528, Meowth
ice, 12.384719706175328, 0.6656251590910287, 132.0864117397325, 96.00742303830366, Glaceon
flying, 8.344031549314808, 0.7759761277465393, 82.40084941640933, 91.79145166299998, Zubat
normal, 6.48320368207887, 0.4871945219778658, 114.73561218890639, 101.92233650481127, Meowth
ice, 11.06252222824336, 0.6286591631019371, 119.12363564076472, 102.963194126215, Glaceon
flying, 7.019180999215694, 0.7362621149523055, 101.32475850156447, 99.59022104517817, Zubat
fire, 9.560562592375836, 0.5849585873796743, 102.22634611948882, 102.37827522328654, Vulpix
flying, 8.80217658820784, 0.7982447675183817, 100.87588220485506, 102.06226894275378, Zubat
ice, 216.1727514586144, 2.860460475870309, 186.48435263339726, 216.60205547200448, Lapras
fire, 10.919946354039883, 0.5965000671336068, 105.12365298719952, 111.02974997458087, Vulpix
fire, 11.141910183123011, 0.6697977860376386, 107.74147523021666, 134.64828748188037, Vulpix
ice, 12.393338746463133, 0.6645252462800978, 103.2325673204816, 101.84525414706147, Glaceon
fire, 10.049941717085503, 0.5806916292606946, 108.66018764806903, 122.35949322073935, Vulpix
normal, 6.4400205870505935, 0.5201492399361439, 94.13679550861843, 84.95788260117259, Meowth
flying, 3.1237360997631067, 0.3291167312564057, 99.73718685168012, 88.91289317056976, Pidgey
normal, 2.596567499938353, 0.2709911346564432, 81.83749744298865, 78.57040395061617, Rattata
ice, 11.93764490525889, 0.6728742776067046, 130.18839766038934, 115.95518652206297, Glaceon
fire, 9.356525105564861, 0.6534344222207168, 108.42673813580248, 108.7419749137605, Vulpix
fire, 11.061784241597362, 0.6240417113233867, 102.73268127305704, 106.43034555996458, Vulpix
normal, 2.8772553141393464, 0.2686531919446367, 95.89140960171837, 96.97552892143857, Rattata
normal, 6.655302035988931, 0.4443709033217436, 97.40184425523456, 98.82311828546986, Meowth
ice, 219.509845388198, 2.8506762902138982, 186.7952047671818, 185.6736258443295, Lapras
ice, 12.03626725131515, 0.6320743859090427, 123.98210408762705, 110.74664865861281, Glaceon
ice, 225.56858294031565, 2.5721789981716556, 185.06536667915069, 202.495824955533, Lapras
normal, 3.137736147148632, 0.26669507372586093, 90.24967144257278, 86.52972092010519, Rattata
flying, 7.958578865347947, 0.6030683271081589, 94.7544870639812, 95.75025760762213, Zubat
flying, 8.083454760162402, 0.6776069720128483, 92.04955335610002, 83.67316494253244, Zubat
ice, 171.18035989781754, 2.4634000991038283, 187.77748125690835, 162.25803322675836, Lapras
ice, 10.914172116865021, 0.7659012197634196, 135.57117440976575, 102.85044532027308, Glaceon
normal, 3.429664505628082, 0.2943192962317683, 79.17911994154515, 87.93607642972351, Rattata
normal, 3.3097107889188897, 0.2926116647040159, 94.72754926901203, 95.50553449745622, Rattata
ice, 186.76705450790823, 2.6010876040047592, 172.62101986719034, 167.23868968756742, Lapras
ice, 175.510383254621, 2.553984661197543, 201.50192435617018, 176.0504368296359, Lapras
normal, 5.8564854248348555, 0.5430712128480554, 117.69263017661319, 85.4300783568467, Meowth
fire, 90.64484281392498, 2.0775733729713943, 185.3281717673753, 162.00699213882518, Ponyta
flying, 6.802724060708983, 0.6797675406926471, 93.49687959450314, 101.07758793179772, Zubat
ice, 9.622345123835938, 0.6888800603829162, 112.99129610462609, 103.35107863841216, Glaceon
ice, 11.973954944264065, 0.6185276759101056, 117.82313192847884, 100.56119115019504, Glaceon
ice, 11.470820970376023, 0.7143472083134257, 111.14340378984267, 103.7834879551223, Glaceon
ice, 11.27970681024158, 0.6322114053917877, 101.93245667798023, 110.21621497777996, Glaceon
fire, 9.507292546862647, 0.5668565963058613, 92.34832382604213, 101.99159433640929, Vulpix
ice, 201.6786128994843, 2.2733450394923023, 168.3811885244484, 180.41472690492148, Lapras
normal, 6.2713916218010874, 0.4762524680130411, 113.73352179366377, 89.024867850586, Meowth
normal, 5.11879981410952, 0.43437506660285047, 110.95107837251922, 102.2033116517064, Meowth
normal, 5.2763520757448, 0.5126782989047906, 100.01555507882877, 86.04029610157602, Meowth
ice, 10.412813809899536, 0.7176321721272034, 129.9637094746476, 93.86371736831003, Glaceon
ice, 12.32561812231721, 0.7803801144550623, 120.10845579480556, 118.20624769463768, Glaceon
flying, 7.287873198223684, 0.6538849426565184, 84.58390449103287, 90.04250982700177, Zubat
normal, 2.619659163640315, 0.3100366036541934, 102.35169819593044, 89.15852559596257, Rattata
ice, 11.846483894782848, 0.7332935314066088, 101.16901026006668, 117.9559909342957, Glaceon
fire, 8.918375055352513, 0.6743141503647075, 115.59429519257843, 114.09605554484918, Vulpix
flying, 2.562456287261775, 0.265206861641252, 92.30397059065513, 76.70142502841331, Pidgey
flying, 3.057479705025558, 0.29684267689717414, 81.59389221309866, 80.14522955574087, Pidgey
flying, 6.9149575272291814, 0.7012872469166506, 96.89465246335371, 90.99159874013, Zubat
normal, 3.103631323753986, 0.2778796741116837, 98.87890615305196, 91.93498122163896, Rattata
normal, 3.234895787030597, 0.266187348049415, 88.8317481990365, 80.87181504027801, Rattata
flying, 2.5528059741962874, 0.319760872130033, 92.4765588341134, 99.39764966599353, Pidgey
ice, 9.816469062388062, 0.6240521835606804, 124.096495487377, 117.0680293960643, Glaceon
normal, 6.567022015476917, 0.45803437218360304, 89.34734962329864, 88.47405924794926, Meowth
normal, 2.876657721025961, 0.2879661195921454, 88.88952903443895, 81.06836558799836, Rattata
normal, 3.187556112802614, 0.2860344766628286, 102.60304354883317, 79.46080458432198, Rattata
ice, 178.70196296109418, 2.270009783085287, 213.69651400425283, 164.53363017866275, Lapras
ice, 11.334252540688848, 0.7863492165344156, 132.86681080717554, 110.46526051383086, Glaceon
fire, 104.25384185231604, 1.9371753817478001, 190.4571285406264, 172.90769700722922, Ponyta
normal, 6.164385966107006, 0.4900260565560567, 100.27550082523175, 102.67316006063687, Meowth
fire, 103.17695962640548, 1.9680315700988582, 190.3763416636628, 162.59199506560978, Ponyta
ice, 10.87454328550461, 0.6549725648401764, 128.88064070487835, 111.14191683854536, Glaceon
fire, 9.992690687050981, 0.6027568554265611, 105.77709311287177, 107.59597979230465, Vulpix
ice, 10.569857740516335, 0.6599969478209354, 129.92135054878094, 110.26818237843841, Glaceon
flying, 2.639595848605826, 0.2875194645877547, 100.17139377286641, 85.38036319284686, Pidgey
fire, 9.745732248401977, 0.6475591302411116, 108.34115559178804, 130.5326686897836, Vulpix
ice, 12.265497293573729, 0.718375956849175, 111.01461464953059, 99.78091561086276, Glaceon
fire, 9.755600947651208, 0.60321183548149, 98.81853130215484, 122.38859847680176, Vulpix
normal, 3.4058063205877893, 0.31542646991574197, 79.00347660208341, 84.15875803140939, Rattata
ice, 10.093431504494745, 0.7400866445140621, 111.8615054442222, 114.99564230225963, Glaceon
normal, 3.177769169643541, 0.33221447939309207, 78.36153802077853, 75.25405596745316, Rattata
flying, 7.022245337714601, 0.7052259354769348, 93.80679844694508, 82.30525291752116, Zubat
flying, 8.989355165788659, 0.7238600947504731, 91.54082019335303, 95.9175265983455, Zubat
normal, 6.8752221863142395, 0.566602534413303, 116.79191995170825, 107.03189790796328, Meowth
flying, 6.913109416929714, 0.596208381910545, 88.92509353525173, 84.83098840440597, Zubat
fire, 93.69878535665492, 2.2953811435693603, 214.98616990238824, 180.1837010434451, Ponyta
flying, 7.739512060878123, 0.6830913971999084, 92.95684826366013, 83.60477975446726, Zubat
flying, 7.850874815122829, 0.6019296975983974, 79.7709618762686, 93.18086094611678, Zubat
normal, 2.9775203236511114, 0.2816218494997842, 79.980436765211, 85.90250286244022, Rattata
ice, 10.334775351449379, 0.6479638585183602, 112.24388732086514, 112.23222507411148, Glaceon
normal, 2.9431853174517832, 0.28479429054962063, 80.71897185722867, 93.38918728783378, Rattata
normal, 2.9332604601574026, 0.30255811151618145, 88.19809496264831, 90.69658614160143, Rattata
flying, 8.744415872465774, 0.6337082995868129, 101.87851257840808, 84.82133811484557, Zubat
normal, 6.386233852684601, 0.49634220346207447, 90.18412401193983, 94.7731962717723, Meowth
ice, 213.34890429527564, 2.4339551512550583, 212.04797315694037, 200.01035606238895, Lapras
flying, 7.1171357627782665, 0.7481093650918751, 96.87627304065114, 84.22911281962487, Zubat
fire, 103.70469685876472, 1.763766233072784, 201.4275875623661, 151.37930616501524, Ponyta
ice, 175.5672833155554, 2.494816122856463, 171.3325036749093, 205.9934578873073, Lapras
flying, 3.051082011119483, 0.3079712764829528, 78.5847211803783, 94.0570085294544, Pidgey
flying, 2.7112042100530984, 0.28686802262355493, 99.01454055085327, 77.01740346431538, Pidgey
normal, 6.119254535697665, 0.4480627374232622, 115.33262097915127, 103.20038592630215, Meowth
fire, 83.37368384310167, 2.144739133056913, 220.58941826920858, 192.74041670292854, Ponyta
flying, 3.328172820482669, 0.2886410916538105, 95.1855075582431, 93.23593153130425, Pidgey
normal, 3.38443563224703, 0.3028469661108408, 89.55528257482015, 82.91645267080078, Rattata
ice, 10.131966150811703, 0.7608891744665778, 100.83531609000013, 110.75466886117246, Glaceon
flying, 3.0966535006106857, 0.27857683092846475, 88.53031188453008, 101.65250204824864, Pidgey
fire, 95.29384826255395, 1.9562994237979427, 215.81495297130795, 190.04147368673094, Ponyta
ice, 173.94927874360988, 2.3470157330540644, 197.0112965268156, 200.64454487032773, Lapras
ice, 10.81609661485412, 0.7857202219325589, 130.4653477909524, 114.15729436130047, Glaceon
flying, 7.218934117835532, 0.6012468384518967, 101.03108961943411, 79.05169718777653, Zubat
flying, 7.224230559663612, 0.7331245309066653, 86.48983275763945, 83.02331787538408, Zubat
ice, 10.227430244867724, 0.8006743281380814, 126.93463038687696, 107.8346078405269, Glaceon
ice, 9.648081124900937, 0.7354687635852952, 125.97658446714456, 105.03788064902064, Glaceon
fire, 94.61358829260773, 2.0929603460747197, 217.67600037328478, 161.97986302214449, Ponyta
ice, 199.14931614242636, 2.771854149132686, 196.91296183043045, 193.3860319778404, Lapras
ice, 12.277764368687055, 0.6041341605179115, 123.02072781054363, 92.84006570333906, Glaceon
flying, 7.6319463844720286, 0.595926108109316, 78.94298785774988, 99.46374284938584, Zubat
normal, 6.097473828929009, 0.5624364862020235, 98.25014588954546, 98.54903984513058, Meowth
fire, 103.46286815893733, 1.7684758815466486, 217.21779644169868, 150.95488621474925, Ponyta
ice, 9.654449176505414, 0.7699753053676982, 108.29817818027162, 106.67722408708848, Glaceon
fire, 11.343013518320834, 0.5375251367821017, 98.71966241515771, 106.41699569313485, Vulpix
normal, 2.9708205684315208, 0.2609101777104834, 78.69492308409212, 82.48039901294051, Rattata
fire, 11.133532555377112, 0.5910173793076023, 93.81806038850064, 105.93754864603724, Vulpix
fire, 100.62786348580022, 1.7506843952359195, 213.97566807752563, 191.1580045307964, Ponyta
ice, 9.877027289442958, 0.6708013698595735, 119.38901295336557, 111.62994002200281, Glaceon
normal, 3.149516429690032, 0.26932121512840645, 82.89437735395114, 74.9137427077111, Rattata
fire, 11.38357884774218, 0.6845050898372181, 109.54789004789212, 108.04815897065336, Vulpix
normal, 2.6318605741733845, 0.30382585984659355, 81.08744931655072, 95.03237570396905, Rattata
ice, 11.072820161810212, 0.7466491599506095, 124.53823399228418, 110.52294270754483, Glaceon
ice, 12.600493688961784, 0.6705873660512406, 121.35675798145544, 115.9556901601363, Glaceon
ice, 10.73866996351518, 0.7089737471775815, 133.07085132387047, 104.26409936605269, Glaceon
ice, 11.190720256953533, 0.7060266545282475, 108.06777658291982, 115.46202695728158, Glaceon
normal, 3.3580046820194864, 0.2788903330660687, 98.92625493763455, 81.04705740471537, Rattata
fire, 94.11328346097142, 1.8555899341517457, 212.90917060354863, 163.66877916116687, Ponyta
fire, 10.317428562995987, 0.5799803977918148, 111.92890144339107, 105.76139655411471, Vulpix
fire, 8.945247903694348, 0.6731320287435251, 97.02279599215146, 116.19759367236921, Vulpix
normal, 2.8216943924006164, 0.2921277131296734, 87.11725284914448, 74.86464688546882, Rattata
flying, 8.945518090371337, 0.7887880611439609, 100.9518745879504, 77.3429181011373, Zubat
normal, 3.0312425504261076, 0.2731142171213058, 98.0159786838424, 94.5990913437312, Rattata
fire, 81.84608318332035, 1.7162487597155813, 182.19949609910927, 156.8355530198398, Ponyta
normal, 6.446864875610235, 0.454028005651655, 117.93990976133188, 80.12625651466183, Meowth
normal, 2.5510682482399996, 0.31306750660456417, 96.34252726911649, 79.47634259461574, Rattata
ice, 11.69519049050919, 0.6560158092916668, 116.87519558710018, 110.88096362816668, Glaceon
fire, 9.291335100088753, 0.6218904361884762, 116.21317175210055, 127.90212788490999, Vulpix
flying, 3.3821462440382914, 0.297289406422914, 81.21031527797322, 95.60297984203278, Pidgey
fire, 9.18433800873108, 0.5662072279857209, 117.40848824421306, 113.57934903281303, Vulpix
ice, 11.17439545865778, 0.6982158492628199, 120.28917117202806, 120.20666835167484, Glaceon
fire, 10.549203218623664, 0.6304782034899499, 120.74198434114348, 123.92424180319304, Vulpix
ice, 9.502133917840563, 0.7322669018627271, 129.7549752803652, 105.7292607364848, Glaceon
normal, 3.041703488584072, 0.3374385333210065, 104.41015279111315, 86.19535202961274, Rattata
flying, 2.5754723432439954, 0.28501106967236106, 95.80959644791987, 80.99624353658703, Pidgey
flying, 7.801964736759281, 0.7477612444838658, 81.79089437451913, 101.54910415664575, Zubat
flying, 7.131715198699153, 0.6994826092870611, 98.99527160772767, 95.2671998961202, Zubat
fire, 8.890929690357451, 0.5268660421663096, 94.01063614505136, 118.66504590394628, Vulpix
normal, 3.239636476335317, 0.3392773896876088, 80.08362545246642, 89.61961797821868, Rattata
ice, 226.5965499063209, 2.737905284108679, 179.18211489355505, 202.9139652496633, Lapras
flying, 8.24307773902111, 0.7341984194049033, 76.5662347909088, 97.48470136060054, Zubat
ice, 9.974843307238721, 0.7027958565754797, 112.42191008616399, 99.62248961813397, Glaceon
fire, 95.52446581103915, 1.705987910956545, 171.81640105790555, 186.31839424805972, Ponyta
ice, 204.28368835325347, 2.6381035680594866, 217.72934913002112, 197.477377214239, Lapras
fire, 10.692522851608624, 0.565030075967544, 115.29717907815026, 108.66034817420181, Vulpix
ice, 11.916559671345487, 0.692409385119073, 118.89396481745925, 105.55472561514082, Glaceon
ice, 11.520274120835076, 0.7297551248859047, 118.17783079338116, 107.80893244026817, Glaceon
fire, 85.40705878646712, 2.0393658687213168, 226.01593077820712, 166.10409536372262, Ponyta
ice, 185.4477911995282, 2.1941619882078323, 204.0374491312326, 174.42271200672596, Lapras
ice, 177.99413048219333, 2.2401577774768953, 164.01297331556927, 175.4969809989658, Lapras
normal, 5.951160536146733, 0.49176611980913854, 110.9721319105775, 89.66898584627938, Meowth
fire, 10.795533502355525, 0.6766543743393966, 109.48601630576024, 121.22483947553778, Vulpix
normal, 6.261807368379295, 0.5042648174135652, 96.55900740998916, 82.16910466842924, Meowth
fire, 8.692550505564476, 0.5873158520205507, 109.51774036397461, 113.29680118448749, Vulpix
flying, 2.951372930002414, 0.2639539252801461, 86.91899562366551, 100.00568509649827, Pidgey
ice, 205.89469902668455, 2.6174805294670973, 189.88413636882007, 179.58112785015655, Lapras
ice, 196.6488157454228, 2.85450248750074, 195.66212091888255, 214.46636282156103, Lapras
normal, 3.3551355183379012, 0.29084208534148814, 85.71674509517175, 91.67360199589736, Rattata
normal, 2.9185779989105223, 0.319156473119621, 103.92182046805867, 77.89913962562227, Rattata
fire, 10.212866159899747, 0.6322214219725202, 111.70831225627727, 111.65070415061331, Vulpix
ice, 10.174008817187113, 0.7803835838803437, 125.4469336996727, 99.7574063989379, Glaceon
ice, 214.59502888548894, 2.575666606525682, 164.93688038518576, 216.29000197816782, Lapras
ice, 198.01066805187375, 2.3586928810573804, 217.80213051538396, 193.8884507811097, Lapras
normal, 2.9034892139966364, 0.3151480692997197, 84.56079157585488, 78.12070765566415, Rattata
ice, 10.391844015598055, 0.7946223236150578, 101.76459927977766, 91.40384077566887, Glaceon
ice, 11.005756089119176, 0.7973092335218703, 107.40683274361211, 112.20759354627658, Glaceon
normal, 2.668097764195219, 0.31802830801910176, 79.79789898169453, 75.39360000542524, Rattata
ice, 9.74316871314632, 0.6159933150376352, 125.18345859888227, 111.70608060330552, Glaceon
ice, 185.27833355992317, 2.3025757689797652, 193.0651955358294, 167.39684246310682, Lapras
fire, 83.27525667186477, 2.2969487460232325, 204.17427387527346, 162.18037441788442, Ponyta
ice, 12.09635011846948, 0.705105112029473, 109.17230508073499, 92.68034261774221, Glaceon
ice, 10.366738788574036, 0.611174492338124, 125.36806715374884, 113.38065712758693, Glaceon
normal, 6.5032993252215725, 0.4737944297565305, 95.0890971205331, 103.74530694934555, Meowth
fire, 10.939734378892501, 0.6219138335380721, 105.00631559438924, 114.37972111045679, Vulpix
ice, 226.8095754694315, 2.864928643952768, 211.55582263162336, 192.64991261586022, Lapras
fire, 10.89995515037585, 0.5903940868211619, 117.69666580609801, 101.67176742523439, Vulpix
flying, 7.022752801004207, 0.6902860577897725, 90.21427047927313, 100.06944573852016, Zubat
ice, 214.92909855740695, 2.576675250335801, 174.7993920602262, 174.16687885228168, Lapras
flying, 2.8766153532796244, 0.32314455946852333, 85.02405554449835, 83.00183610498065, Pidgey
flying, 8.375085170937759, 0.6202196495473227, 102.7495450650477, 92.47756435147906, Zubat
fire, 10.649723309799437, 0.6868425889065651, 100.30536782945383, 126.51793780532816, Vulpix
fire, 11.078810513094673, 0.5475299968611919, 118.32251580974378, 118.10271563320211, Vulpix
normal, 2.583137065703488, 0.30096615413095335, 100.66877608601048, 73.7742015790729, Rattata
flying, 3.1839746420793817, 0.2836150552574308, 100.02558846012988, 97.24754124372883, Pidgey
ice, 10.875642425967191, 0.7769197193168499, 128.05452788403338, 102.10167379653097, Glaceon
normal, 3.1833175515153003, 0.3339398246888685, 86.47572799344451, 75.23388012947873, Rattata
normal, 5.175368923502692, 0.5258387633841172, 115.06826159187338, 105.22186161210124, Meowth
normal, 3.4424015231154135, 0.3306326062107585, 104.82467533743235, 86.98544533514695, Rattata
flying, 8.562701313263702, 0.6821122207006748, 81.75074596518671, 92.89106421479978, Zubat
normal, 2.8288527913101653, 0.27248046618978916, 81.0044547905463, 77.15787471706999, Rattata
flying, 8.844071625233791, 0.7896806887820798, 97.3913857493139, 88.35177662151924, Zubat
ice, 11.87056955309733, 0.7086618753237495, 102.85631089248038, 119.38784777260716, Glaceon
ice, 10.250331204516197, 0.7148583771047442, 130.75832002586176, 92.2594803704495, Glaceon
fire, 9.750487389236469, 0.5254123591535567, 121.76138115927705, 109.36737818254149, Vulpix
fire, 93.73130158775459, 1.9752220383212955, 214.7371582805383, 185.85302077820123, Ponyta
normal, 3.3637792575246515, 0.25765011853451897, 86.24111365028348, 84.57008781821469, Rattata
ice, 11.655410208806838, 0.6907560931894775, 101.2776241411649, 120.88929527773041, Glaceon
flying, 8.321355919379926, 0.6505160263223094, 93.57895333501784, 91.57396256342386, Zubat
normal, 5.901115405184411, 0.4568184805472814, 106.38390713063322, 82.79342633582998, Meowth
fire, 9.679278623375877, 0.5923402094847848, 102.02564729206253, 100.9915853743429, Vulpix
ice, 12.269497703226742, 0.6824959633490455, 100.55483635857986, 104.9931138161642, Glaceon
flying, 3.3632890242862525, 0.27174032715811675, 97.11352233208665, 97.04588766067893, Pidgey
ice, 193.2920795838948, 2.529868108108184, 168.8688503875018, 195.2398509742786, Lapras
flying, 7.477684703588624, 0.7758174622379543, 76.77935150230407, 83.92935494131073, Zubat
flying, 3.1835094288613153, 0.3025656262854342, 95.65276062432329, 86.05167745768067, Pidgey
fire, 83.853942943615, 2.0173184611777044, 190.4284589107868, 194.42733339744134, Ponyta
fire, 99.77498964100106, 1.8102004494339647, 229.2565353421752, 187.247502617585, Ponyta
normal, 5.222697399530536, 0.5219215386525657, 112.91599843050498, 79.92517666983589, Meowth
ice, 11.76166721919762, 0.7583697842513434, 128.88351661986306, 110.5271305928866, Glaceon
flying, 3.4284638885689533, 0.26118677441117366, 102.91012993585417, 80.03820933421925, Pidgey
ice, 10.968191860089329, 0.6169498405940286, 124.24884717615537, 106.21345981746971, Glaceon
fire, 9.769782655525848, 0.6527279360994072, 93.12550451847136, 107.9588236832636, Vulpix
flying, 3.4227453094498648, 0.2784450246512139, 83.33767318428173, 83.67148000502085, Pidgey
ice, 10.471915630742004, 0.744523278542325, 116.03583520005964, 120.01471479764923, Glaceon
fire, 9.138081480765562, 0.5675358357963228, 108.30588204504848, 120.76127933264141, Vulpix
normal, 5.632106312206311, 0.4451449996399862, 115.20407699700849, 93.7676778010275, Meowth
fire, 106.15836962239118, 2.1250116136134527, 185.01889272707427, 152.90635295004293, Ponyta
normal, 2.955429318355577, 0.29717640909024373, 97.77669873221748, 94.20291604122448, Rattata
normal, 3.117458796774224, 0.2572371354080282, 81.83234916311257, 81.70970570858543, Rattata
fire, 86.14858033095159, 2.1183193677996828, 193.48425589930423, 173.93581682524942, Ponyta
fire, 82.6973794478313, 2.008279985331592, 193.31273896470344, 171.1056430022408, Ponyta
ice, 194.64632158963119, 2.5966969617106574, 184.1315190472505, 215.24122486154235, Lapras
flying, 8.958828557249712, 0.7696571859920832, 91.29422499133167, 99.87326020386465, Zubat
fire, 89.49348404026439, 2.261479555309225, 192.06098871635012, 166.5441104769728, Ponyta
ice, 11.77294453105444, 0.6531552762121136, 122.86641106986728, 109.28554884327384, Glaceon
fire, 83.60029939016805, 2.1109106465433563, 210.6400353469661, 165.48461385332251, Ponyta
ice, 9.84257217636124, 0.7354910956270809, 121.50455500771677, 101.8350046281677, Glaceon
ice, 10.935970430067467, 0.5970379207999837, 118.47724189845792, 112.45048891894096, Glaceon
normal, 3.184619914426878, 0.30799940736885395, 94.25410797710174, 76.15057909266723, Rattata
normal, 5.210709190065809, 0.5745900570830702, 108.79405612529972, 107.07514285115258, Meowth
normal, 2.63530614011229, 0.3246184637159741, 92.25426301090528, 74.73196102395703, Rattata
flying, 2.6135910953382724, 0.29018819283071523, 99.94259186375002, 85.36504227453791, Pidgey
normal, 5.304383488915814, 0.42634774687143484, 109.7589369714964, 99.08251740474672, Meowth
flying, 8.175597495345437, 0.7609522315870091, 82.19947844727487, 85.26593159565942, Zubat
ice, 9.723588666331135, 0.6744779969848628, 131.81246509538306, 98.04247189227387, Glaceon
ice, 229.37070117389294, 2.2666381326140588, 185.00549919208132, 192.32954822897477, Lapras
flying, 3.221821447209347, 0.2765765688794791, 93.76884567938353, 102.50694457777671, Pidgey
ice, 12.423172348432994, 0.6696145488932861, 127.72346688205606, 111.97682970363267, Glaceon
normal, 5.887306641758223, 0.5511508530808615, 114.3776015057287, 92.74068840085803, Meowth
fire, 9.829573026618604, 0.615227149596603, 119.14579357571606, 134.51082849594695, Vulpix
flying, 8.944786357652182, 0.7988896405737753, 78.50647425360344, 86.46057125252533, Zubat
normal, 5.914188448659643, 0.4841114098726816, 93.5479375754575, 97.50525431570229, Meowth
ice, 11.110514001726015, 0.6083606286731178, 104.44385254040384, 115.94784383910874, Glaceon
fire, 86.91128241582781, 2.262052233758267, 179.166343676509, 158.43217513575001, Ponyta
ice, 10.1508426061978, 0.7614414588521018, 126.97059805486616, 115.16130804937269, Glaceon
normal, 6.141285542777888, 0.42719355162308476, 101.50580485570927, 101.87483832187318, Meowth
ice, 209.57696137369766, 2.729542721445878, 167.64431211649017, 186.79464532489854, Lapras
fire, 11.434728311091284, 0.6112089816608993, 99.93820892306822, 117.70474420398088, Vulpix
fire, 10.570388203149557, 0.5462403698787708, 96.73577060837648, 131.7623487810322, Vulpix
ice, 10.11742718196798, 0.8034333780077152, 125.12094098468894, 96.90011059335788, Glaceon
fire, 8.883424212297138, 0.5151597291073442, 111.50322900055056, 108.35072678115101, Vulpix
flying, 6.98476766067146, 0.6655837251397585, 84.85813658819244, 79.42312034151199, Zubat
ice, 215.09558529876662, 2.529089654788922, 168.11538472074773, 202.26937227677064, Lapras
flying, 3.0620802677469663, 0.3070283623401035, 102.06362233937028, 85.71448496697604, Pidgey
ice, 9.962328819919007, 0.7689545566141263, 131.2053991557469, 119.33839122594523, Glaceon
flying, 7.8391121130383885, 0.7446215764403532, 80.50770559756786, 92.10186386782108, Zubat
ice, 9.664904909398542, 0.5952062817706848, 119.3842267290049, 112.648666158766, Glaceon
fire, 10.486217896702145, 0.6263416922324647, 91.28021774401692, 110.71012442930497, Vulpix
ice, 209.99368761085987, 2.4293175878747797, 193.8055181597359, 214.14513238266937, Lapras
fire, 80.99928215971674, 1.8397672117734896, 192.46928992860018, 151.72069842714592, Ponyta
normal, 2.8367642074361044, 0.3072470800520699, 98.3302319646921, 78.05443142815702, Rattata
ice, 229.81048981056077, 2.316313872239484, 189.96137599298322, 162.15565253631797, Lapras
fire, 98.26659303589418, 1.8596358237649864, 187.8188481458088, 173.66790387285218, Ponyta
ice, 10.752700403757117, 0.7479702852952036, 114.96794742219467, 105.98141468058571, Glaceon
fire, 99.17681527998229, 1.8653686019722677, 204.21288419084408, 166.18738724143208, Ponyta
flying, 2.9107507276770237, 0.28513901568325367, 86.61753274317758, 80.48818862273137, Pidgey
ice, 221.87208437804935, 2.8695513518620963, 184.81231897016093, 198.6948676450829, Lapras
normal, 2.697100747406156, 0.2614105737410226, 103.50873224899192, 80.01700281134327, Rattata
fire, 10.533337519750747, 0.5169784111076094, 91.08795595392999, 115.07501308650428, Vulpix
ice, 11.47662357292083, 0.6297184765627547, 115.53292654894439, 98.70035026179943, Glaceon
fire, 96.77527330750306, 1.872589851891827, 206.6760978854827, 186.96722961400602, Ponyta
fire, 11.468596162302518, 0.6292145512777876, 92.25508806795752, 102.58417714331972, Vulpix
fire, 9.85489054674445, 0.5145093204871729, 120.73089371367256, 110.23320139517604, Vulpix
flying, 6.865074272564726, 0.7915878107265816, 94.78365369594121, 93.67601497803139, Zubat
normal, 6.268941597916407, 0.4311330200991199, 99.40238985492296, 102.60916477739595, Meowth
flying, 2.7298279911426087, 0.32459065778762153, 85.8458221932567, 89.56457854198985, Pidgey
fire, 99.86700330166475, 2.1525138803808295, 196.2398308568868, 153.6083207508407, Ponyta
ice, 171.69706254139302, 2.243606221765573, 201.19619527906636, 215.89172842142236, Lapras
flying, 7.161837244307436, 0.7968719025047772, 90.73278316146879, 94.71852733065818, Zubat
fire, 11.056216290164283, 0.5802845318696902, 99.99324619186537, 103.21133143660165, Vulpix
fire, 11.010119744613174, 0.6719012439130814, 118.96436119821571, 111.3326139991097, Vulpix
fire, 94.82064531946517, 1.9683146288472724, 228.6194364128789, 154.71976168585678, Ponyta
ice, 209.57519898863697, 2.834736593091177, 214.95081448571932, 210.33834248938885, Lapras
flying, 2.9860341537591184, 0.26687636696364003, 82.25420398778493, 91.09059008051125, Pidgey
ice, 11.924173264235735, 0.6833404754960614, 102.92294521066187, 108.02716196804708, Glaceon
fire, 90.212153448522, 2.1913447203167253, 205.04607144221632, 173.76794940795787, Ponyta
flying, 2.6194391798582175, 0.3049815921211876, 81.3343735625626, 102.57164608337618, Pidgey
ice, 9.642066998271252, 0.7900217997239256, 111.657909325457, 96.30506565575995, Glaceon
fire, 9.208690808623365, 0.6838842158960057, 97.05007617044225, 125.93883258159526, Vulpix
fire, 102.0802054912431, 2.096720717700155, 222.58369611704538, 159.27984918389848, Ponyta
flying, 2.8050802721855734, 0.26438746557242293, 81.42296215538622, 89.06470932193025, Pidgey
normal, 3.013415791143801, 0.34355538655013634, 93.96579202197218, 78.28595317683663, Rattata
normal, 3.19504429515722, 0.26898086622318385, 93.27858633470647, 95.36518772238813, Rattata
fire, 82.37337056576456, 2.0357307029890266, 194.3189177557732, 172.0866019547371, Ponyta
normal, 3.080601659347451, 0.297289918839879, 86.05516074510427, 89.68724005077081, Rattata
normal, 2.6552150320496923, 0.2561300507744525, 89.13991499182801, 92.94958215567974, Rattata
normal, 5.525937797209124, 0.45627824478545315, 115.87154104121247, 82.28566349566617, Meowth
ice, 184.67800599850423, 2.3014674981656396, 208.51154317691038, 183.53165183953217, Lapras
flying, 2.6351374738656146, 0.3025379868894282, 76.91727482751394, 80.66372023080069, Pidgey
flying, 3.284486298874546, 0.3301626438318601, 89.50008028882418, 94.83180690368326, Pidgey
flying, 2.9390661915893768, 0.2862987974914614, 84.16322021028267, 99.84628722966562, Pidgey
ice, 218.61511114921657, 2.5742464197808883, 206.7052313577857, 203.1967660260359, Lapras
flying, 8.027993315380131, 0.7069490420278342, 77.90340338980795, 86.34052695711098, Zubat
fire, 83.04652942941676, 2.1985533385254628, 210.90785503079368, 146.3825513481194, Ponyta
fire, 104.02764206388115, 2.248012100731773, 187.40563268731606, 173.14240104795226, Ponyta
ice, 9.93418013793121, 0.6967336358680962, 111.79187353213557, 96.57674860191487, Glaceon
normal, 6.858815804633518, 0.5700586599194437, 113.06293304923861, 99.72054139458018, Meowth
ice, 219.00803178221065, 2.334976261855158, 213.15336704925545, 217.8635516264594, Lapras
normal, 3.016782070512878, 0.29423552618746046, 85.81050120483495, 73.65273090349034, Rattata
normal, 6.5055445773239935, 0.5458027378414786, 104.73517577213464, 102.32620145343596, Meowth
fire, 11.226883862443113, 0.5169881110507076, 99.92773756974069, 105.6953077236796, Vulpix
ice, 186.80795221881442, 2.53047167989305, 163.2712827500098, 199.005209183618, Lapras
normal, 5.292862367879089, 0.46300090564643515, 88.96268478731767, 101.42622178934641, Meowth
normal, 3.396413394282202, 0.2593605882183897, 91.0488714863702, 81.59792552831092, Rattata
ice, 215.91660025246352, 2.725482487368256, 216.1372021738386, 179.5378043476829, Lapras
normal, 2.5666804431612826, 0.31966522037348516, 99.76251963905958, 96.97324796624882, Rattata
normal, 3.1317021598136088, 0.2929994814313987, 104.22801022774698, 89.92949350489268, Rattata
ice, 11.53742971998917, 0.7754047725327748, 127.45691500030821, 109.19329425906821, Glaceon
flying, 3.2851806861597375, 0.2619570412142009, 77.96095220180237, 78.47728318051578, Pidgey
ice, 11.813899393072614, 0.6828621145123286, 115.6273566556518, 103.63542891739365, Glaceon
ice, 12.040166908576646, 0.6219519082504301, 117.97388950730064, 121.83372964539554, Glaceon
fire, 8.551291107820141, 0.5603780659018028, 118.59857355177876, 102.61463914003512, Vulpix
ice, 11.351787301838879, 0.7874438619625573, 120.42016059866737, 97.24888548455887, Glaceon
fire, 10.379592110156304, 0.6384425811731195, 108.29904025950384, 113.82008071198355, Vulpix
flying, 7.613327528715643, 0.6222933936232314, 101.77059387967664, 83.25144488835087, Zubat
normal, 3.2355527580213996, 0.33839414319549227, 94.4409905929865, 81.22455810946595, Rattata
ice, 11.987983678898333, 0.7430480981328663, 117.66502087805556, 120.77242797292969, Glaceon
fire, 105.2826195072953, 2.1294012404310125, 181.9266096434484, 148.60801893260933, Ponyta
flying, 2.722495574905964, 0.2604925836874605, 101.51905690318628, 96.54278383523074, Pidgey
flying, 8.429651002575742, 0.6650611954637287, 79.27574496144219, 87.29229458101965, Zubat
normal, 2.8808135324403765, 0.26376787345706415, 84.69191354313851, 88.59959000120617, Rattata
fire, 10.231544630179652, 0.6049920584583479, 90.48246902109952, 122.2203764090762, Vulpix
ice, 196.25987599931378, 2.6396318424500596, 169.58638504339726, 179.70998635685987, Lapras
flying, 2.773098944380121, 0.3082706814961748, 85.54758727970233, 89.96469366929139, Pidgey
fire, 10.430387443178885, 0.5705644946582331, 118.62571829906948, 122.05411892593236, Vulpix
ice, 177.49667531188305, 2.7706543075399654, 205.33704661457938, 181.13891727254395, Lapras
ice, 11.508672168715135, 0.640464375559117, 112.67124845868307, 112.43083901618472, Glaceon
fire, 87.80369645168695, 2.0790296200320366, 229.978053549046, 152.48116973737902, Ponyta
flying, 3.2342291667657297, 0.29425633717623123, 83.61230629164065, 85.77252519769243, Pidgey
normal, 5.608930009831191, 0.5505061262626589, 109.27329668389962, 94.28586990018803, Meowth
ice, 204.1368433998421, 2.3332211422843105, 217.39294918239787, 162.19324784339682, Lapras
flying, 8.064160943147503, 0.7643055783100883, 89.4320004656136, 89.62429788792967, Zubat
ice, 10.29988947866212, 0.7208994725718368, 116.74215019594152, 95.9994470359876, Glaceon
ice, 11.346542064566401, 0.7902748259054845, 125.92947737930373, 93.06211074705888, Glaceon
fire, 9.837077667039171, 0.6309846610879126, 118.4093070224925, 103.68545210710077, Vulpix
normal, 3.357545305778562, 0.31467553041151375, 104.86132789145819, 75.28609491419806, Rattata
ice, 188.8287592855113, 2.1361110608404488, 171.2614050407608, 198.60769066350147, Lapras
ice, 10.115523687653415, 0.7985171488639574, 106.221506610493, 98.12597502398395, Glaceon
ice, 200.62615389254694, 2.4150018459808096, 177.90549334087152, 173.574074505817, Lapras
ice, 11.7893632496773, 0.7522047558208766, 124.2262456366534, 102.45457874482865, Glaceon
flying, 2.8946212578464543, 0.3021493928471899, 89.21748474459356, 98.830563927732, Pidgey
ice, 223.0477882781742, 2.3504391789045354, 178.5215522810641, 208.94400758771906, Lapras
ice, 11.48472954114905, 0.7286150038981262, 116.03634629376238, 120.51489959385628, Glaceon
fire, 9.875751813240194, 0.6794697981806868, 105.84519399503885, 103.79611878551242, Vulpix
ice, 10.397652865264481, 0.6654878026478606, 125.00994608197432, 107.58115492151828, Glaceon
ice, 9.414037002706976, 0.6911495802446729, 106.9334971633946, 91.34040599766263, Glaceon
ice, 12.62330602718987, 0.7956497319855652, 109.3780971885666, 92.93779440554594, Glaceon
normal, 3.0201263692456557, 0.28537179161641135, 92.70919962111243, 82.63547961353562, Rattata
normal, 5.194029294697042, 0.45399043844025555, 89.68747849491105, 90.14529685800709, Meowth
ice, 12.413693411016894, 0.7321060708459455, 101.74727812021686, 120.54656871759347, Glaceon
normal, 6.423532151240688, 0.4783712537129089, 104.5408647611443, 107.93116918350624, Meowth
fire, 88.48599109427035, 1.9285783376060939, 187.11370864661802, 177.0683023995859, Ponyta
flying, 3.2541778917387907, 0.2550395770268978, 98.04460093531569, 80.8144854236265, Pidgey
fire, 105.11399127389302, 2.08045539359208, 189.915120768147, 168.7178456155276, Ponyta
fire, 98.65513066389059, 2.2676288328841814, 227.51420116619374, 168.01770982148088, Ponyta
ice, 10.48590540241136, 0.7363835064321859, 101.6156517448839, 97.43565067140649, Glaceon
normal, 3.2419271960993647, 0.2761254349242047, 81.13485935169425, 86.82432725939678, Rattata
ice, 11.57648104863642, 0.6696132591058386, 103.5419151931586, 91.05401897048473, Glaceon
flying, 2.796717538893651, 0.31976417279556163, 86.44256389382704, 103.06891019570651, Pidgey
normal, 2.5890359549513238, 0.2928883682273219, 98.900402856964, 89.58005695355514, Rattata
normal, 2.8247757891652006, 0.3113510203628127, 97.33652743218278, 84.66578763232073, Rattata
flying, 2.9008332883123287, 0.3203878294156949, 81.53473178703882, 93.00027428990286, Pidgey
flying, 9.018839507517674, 0.7350754026322729, 77.48922904512416, 88.83942266049635, Zubat
ice, 224.1070849285502, 2.3603791641387732, 180.80660403574316, 218.0574675556736, Lapras
ice, 10.658474457318087, 0.7382241722661337, 116.32850807492784, 92.70713378154856, Glaceon
fire, 105.21776484940024, 1.897077032505356, 214.65097833552318, 159.25505398567734, Ponyta
ice, 197.17376670567862, 2.6352737368624854, 173.22711845551817, 200.84129468097916, Lapras
normal, 6.209866506371705, 0.4863210949512508, 119.39439150775794, 107.30917382805865, Meowth
fire, 9.488767227309877, 0.6252685684693674, 120.26588284301062, 104.89757469900157, Vulpix
ice, 10.95041772346336, 0.6249634071469857, 112.84965722771605, 116.02384582396489, Glaceon
normal, 3.0514370239976008, 0.2707496726904774, 93.50495005893316, 80.56646609857236, Rattata
ice, 10.204807544029858, 0.6746421100275274, 105.02283234431114, 110.02649240325437, Glaceon
normal, 2.812265051105801, 0.2631253512064858, 89.00082578927754, 79.33550588588943, Rattata
flying, 7.757299506224197, 0.7847594395233464, 89.01096064157494, 94.78445135523344, Zubat
ice, 11.365886990638328, 0.8022677806990035, 123.88122553741843, 99.73546048629409, Glaceon
ice, 12.555345424823601, 0.634077073067444, 132.84095229130034, 120.923438713012, Glaceon
flying, 7.718234417956184, 0.6030435355022452, 82.55646332383938, 84.65285946164013, Zubat
flying, 2.9217394303946658, 0.3273215136282768, 100.64534848849947, 86.53990741651702, Pidgey
normal, 2.7679775291199715, 0.3374605986639757, 84.88057337709257, 97.23677353783796, Rattata
normal, 3.3770838218831845, 0.2639500174437469, 88.40883728176469, 83.43054497705535, Rattata
fire, 8.557185966995412, 0.5708556353986926, 95.9228434205485, 103.83952213671944, Vulpix
normal, 3.1845325948636662, 0.30649927110204345, 91.81819809955698, 91.27968232795294, Rattata
normal, 6.640625765472816, 0.43883410248714527, 90.80069060875965, 93.50896830123766, Meowth
normal, 3.329170145221777, 0.32509626885868165, 91.0905110196518, 82.30606527814237, Rattata
ice, 191.80475461040226, 2.620972715828158, 162.90735515163334, 206.7819371734591, Lapras
fire, 80.94078841812849, 2.2114222074333982, 174.7181057647807, 186.32450131358613, Ponyta
flying, 9.18755694718503, 0.6485263670949748, 97.25315259042566, 82.97253911225248, Zubat
normal, 5.7485947054045425, 0.5006339135764413, 97.75347236175556, 95.69778721742786, Meowth
ice, 209.4500703386414, 2.3780673062613884, 181.9398602914918, 165.30656275912773, Lapras
fire, 91.86101838455468, 1.782305457133385, 183.38061186982105, 160.8458347116912, Ponyta
normal, 3.2530268639168014, 0.3156724195199303, 81.659069602453, 89.6062029780976, Rattata
fire, 9.661584828421983, 0.6550209015160974, 100.96826280428255, 110.96346825461619, Vulpix
fire, 10.960662133733077, 0.6777683856108528, 110.62219889819677, 104.81868976869272, Vulpix
fire, 103.37518072245842, 2.192390787515282, 186.47424119052874, 158.96971695607147, Ponyta
fire, 86.73063312034165, 1.9290083744844302, 214.78344410074834, 187.43944354362463, Ponyta
ice, 9.355531264367263, 0.6242442252285705, 104.26809302017548, 120.40355176444301, Glaceon
fire, 92.06291633646629, 2.142964428600904, 199.28481279735934, 150.02362332270877, Ponyta
fire, 9.037362436994858, 0.6888139280305721, 116.90069403764791, 121.61143387411339, Vulpix
flying, 9.190968766083246, 0.792365548665793, 97.40955706245323, 95.81689657129819, Zubat
ice, 10.174630627553965, 0.6683839378977622, 127.65482745517656, 92.39616179274536, Glaceon
ice, 10.470016058124092, 0.7664001362284223, 119.23043172513908, 103.10929274065482, Glaceon
ice, 174.81799016584512, 2.486187999136229, 207.14693578189446, 213.26021558414087, Lapras
fire, 9.483643246327981, 0.6241744084309061, 100.135671999608, 106.97285777479755, Vulpix
normal, 3.0954862929920473, 0.27500778252263214, 84.4881607373049, 75.23107184394988, Rattata
flying, 7.257386475131767, 0.7388098272671579, 87.58961200511264, 93.07545361798446, Zubat
normal, 6.763301724711227, 0.4750180079178967, 116.61238244019627, 98.21015777267188, Meowth
ice, 10.487276491024481, 0.781333582136456, 117.90243853717028, 112.78151783568617, Glaceon
ice, 10.364386956748252, 0.660534775634954, 124.28730945294335, 113.14517060634203, Glaceon
normal, 3.113146932403449, 0.2611636387627814, 84.5293116964784, 81.87892289200288, Rattata
normal, 3.403594646438744, 0.32112814170999243, 81.19124499710642, 93.51351969099179, Rattata
fire, 108.70853557575903, 2.238782030405649, 196.07192625860833, 184.4498635461108, Ponyta
flying, 6.9576965245043105, 0.7589953285093956, 93.49846095957749, 101.84265836485486, Zubat
fire, 10.897444787253622, 0.662589469996303, 105.01373917727287, 133.39915408617705, Vulpix
normal, 3.129014365601292, 0.2918680810465628, 84.467982368952, 92.44517101702829, Rattata
flying, 7.632001143459231, 0.7818357957836154, 83.07161541851573, 98.2858572491179, Zubat
flying, 7.448972296658716, 0.8043905212113558, 92.31425968117007, 98.96241621933736, Zubat
ice, 211.45534627260778, 2.5415572350589333, 212.07151610749185, 178.05370884608544, Lapras
ice, 12.566222987336676, 0.7374859066064128, 105.62339511820795, 110.52838045541897, Glaceon
normal, 2.7908235492233415, 0.2930343998358719, 81.58505402687969, 91.74734842982372, Rattata
ice, 207.58160041592666, 2.163938796816533, 215.37614293837146, 163.0190500489068, Lapras
normal, 3.070147905361984, 0.2732080890051019, 84.45689864165759, 97.46114762865679, Rattata
fire, 11.051967874356352, 0.5591636486201896, 100.73924209056865, 129.72981395795304, Vulpix
ice, 229.5997917349485, 2.608626798566694, 177.26449261192354, 168.44444302309176, Lapras
flying, 8.340639654846031, 0.7022556543182572, 86.49885758629328, 79.62745216277033, Zubat
fire, 83.69916665793748, 1.8622314894422014, 194.9773566737796, 167.12952316509129, Ponyta
flying, 8.771578187500532, 0.730798918358076, 102.46133717716859, 94.82899780276334, Zubat
fire, 11.352083568714344, 0.5515855295804135, 107.80542783237614, 129.64163583583633, Vulpix
flying, 8.388366465216025, 0.7358617278457686, 97.37289252681731, 97.28766851982544, Zubat
normal, 3.058314795020786, 0.29655881051283384, 82.41280173642849, 80.65384312327065, Rattata
ice, 10.942305126907318, 0.7714794799323785, 108.8240611709171, 117.24534612054917, Glaceon
flying, 8.10539389845938, 0.7696084927515084, 77.46975749010487, 81.60302607799755, Zubat
normal, 5.996166689225545, 0.43302718779775545, 105.00096693626568, 101.02873253321447, Meowth
normal, 5.478064556286636, 0.550286331727006, 103.13979438188346, 97.51318112807456, Meowth
flying, 6.999356687129699, 0.6664940947292283, 82.99149177175941, 93.90889423183077, Zubat
flying, 8.272818856457036, 0.755797126367854, 87.07940446483065, 78.8067976374856, Zubat
flying, 3.2710366560288633, 0.32267806599636295, 99.95535701910563, 79.82816695731302, Pidgey
ice, 12.582784814258293, 0.6079001219610468, 104.78747465789546, 113.76947937792887, Glaceon
flying, 7.811234480479566, 0.7281798060278981, 90.76812358495019, 84.09531093355228, Zubat
normal, 2.5705826013508384, 0.2664439262439848, 79.83909635837928, 94.02153707118282, Rattata
ice, 204.2283727600562, 2.8664334658331603, 168.3630397730698, 204.69837626173623, Lapras
flying, 7.970228628250476, 0.7326629002542719, 94.04508316440376, 84.12749576057493, Zubat
flying, 9.08015089440643, 0.8011043253049451, 99.54300649493689, 82.35402523498739, Zubat
normal, 3.0746548457135283, 0.30298229430106666, 80.96047997261131, 82.9286104299029, Rattata
flying, 7.968591452423114, 0.6605664721163246, 96.23290015122205, 95.22339588238603, Zubat
fire, 9.453447554787541, 0.6810775831596299, 120.49199037070622, 133.9327006392901, Vulpix
flying, 3.219007875705265, 0.3418953212657242, 101.17684252521362, 103.03365314668895, Pidgey
normal, 5.932224019582393, 0.5028513307422864, 106.03897930164727, 91.3452182593154, Meowth
ice, 10.201198024042768, 0.7735573881760172, 122.51572022680443, 99.65271668902997, Glaceon
ice, 202.38018204032022, 2.2756111467676856, 200.55968955954, 180.54996659266422, Lapras
fire, 85.24421167561644, 1.978973276225949, 190.7778920285537, 182.76331747771803, Ponyta
flying, 6.926801991738829, 0.6162809909425937, 91.6404023915631, 95.00057598881644, Zubat
fire, 91.33223175782734, 2.189510507668982, 229.36413467966815, 153.46490414352724, Ponyta
normal, 3.060984497290197, 0.30002604294330704, 87.71354006393574, 90.1397866980414, Rattata
normal, 2.9138546891614663, 0.29030225776696006, 105.49887693268386, 78.21691203011088, Rattata
flying, 3.100053067886642, 0.2615959064090912, 96.27924727644303, 86.8347698473361, Pidgey
ice, 9.970885975562481, 0.6208310679319622, 104.34206514221367, 120.2157526119063, Glaceon
flying, 7.001218333726668, 0.6532697590599345, 78.51633965789283, 102.98836207897033, Zubat
flying, 3.444967621473719, 0.3240005716269868, 90.21286831054304, 84.06057307454319, Pidgey
normal, 6.778980039466468, 0.501908713179029, 93.81936953271673, 95.93813991384059, Meowth
fire, 101.6011231881839, 1.9910854913562335, 203.5764683345321, 193.6833801149977, Ponyta
ice, 11.593148073633767, 0.6293147909704442, 127.19431551665107, 97.85869244955086, Glaceon
flying, 3.3299721589327955, 0.2619905760988821, 102.53041142548355, 92.53381126972099, Pidgey
flying, 7.154668881374312, 0.8046214773433664, 90.66144967271276, 76.53829378405939, Zubat
fire, 10.613648734887375, 0.5472535573725286, 114.31157083158084, 100.54087689822461, Vulpix
normal, 5.78770243101063, 0.4620133529376824, 102.3249296719493, 103.68585050519164, Meowth
fire, 105.27685788805809, 2.0269075071342812, 197.1409943168685, 191.54475453594168, Ponyta
normal, 3.0630907764347954, 0.2783221178585478, 93.27571224512702, 79.54787070840855, Rattata
normal, 5.551955805901783, 0.4772462182115076, 92.6151643066616, 95.83656598169182, Meowth
flying, 2.913636302076824, 0.3197445822738379, 90.74140808093922, 85.50533294732404, Pidgey
ice, 173.53603881823312, 2.2662528454390274, 168.5120548036403, 191.83253603105268, Lapras
fire, 9.608825210101493, 0.5203659043169913, 110.4722573767236, 129.88503294918075, Vulpix
flying, 2.8487588667502663, 0.332551407717952, 83.23642051208489, 93.23031650028707, Pidgey
flying, 2.9538175163152984, 0.3233800112455814, 90.43805144477727, 82.75929042756133, Pidgey
ice, 12.55603544529881, 0.7727223134310747, 111.92062658046683, 121.33442462306826, Glaceon
ice, 206.09088406540047, 2.525540985156599, 214.086454840978, 194.74528686746316, Lapras
normal, 5.712819230045923, 0.541880707418833, 107.66545972098615, 98.69378274812728, Meowth
flying, 3.2608494496027283, 0.3381565698961306, 89.35466211235415, 92.95905557859032, Pidgey
flying, 2.5669916600972362, 0.3302291043360824, 81.81421946917973, 98.20611839777887, Pidgey
fire, 10.896245032687379, 0.6734760810915773, 111.88406037892176, 117.37495836206867, Vulpix
fire, 82.0689257515298, 1.9657836527446033, 175.57988411923378, 155.37641112677986, Ponyta
ice, 12.227431117201869, 0.7247575049967024, 126.35415490586952, 102.37119386181624, Glaceon
flying, 3.310192371325529, 0.33367643370229416, 100.5613516474429, 100.5482048906866, Pidgey
normal, 6.241917948022834, 0.4285329637767691, 99.78102986995933, 95.70209713294666, Meowth
normal, 2.620110627237195, 0.28417497645077333, 87.16596721061609, 96.79993885185, Rattata
flying, 7.10699624772761, 0.6475946627624957, 96.4775190543136, 96.89328402322224, Zubat
ice, 172.89747907472108, 2.3373396521233865, 193.42602741676515, 201.9204268994306, Lapras
fire, 98.58894739191258, 2.0661108885536863, 224.06192080205324, 154.71763779148972, Ponyta
ice, 10.613654873421796, 0.7003438030626564, 110.7898211654177, 109.63167437596941, Glaceon
ice, 10.896625545650338, 0.7299191165089737, 103.56425727768564, 114.45190168642849, Glaceon
flying, 2.7524733192419135, 0.27570672964787446, 78.48421157148626, 88.59661484054968, Pidgey
ice, 12.618030755084282, 0.769751764295978, 134.38315665678374, 116.41096088269805, Glaceon
flying, 2.837411286062271, 0.3077955290673194, 93.59017257475958, 87.00710311178311, Pidgey
ice, 10.940505141988393, 0.636158086211128, 102.15506260286286, 110.56786513807087, Glaceon
normal, 6.093859296345125, 0.5697064210404924, 88.66451586526182, 95.48698183546729, Meowth
ice, 9.576957431565436, 0.636598983401559, 101.54722210279954, 114.29466699143083, Glaceon
flying, 2.7357348322292876, 0.3099821396513181, 76.61742691146469, 101.15020608747896, Pidgey
ice, 11.03859856688668, 0.7332582968299597, 125.40208740022307, 91.39882282517627, Glaceon
flying, 7.696498877505922, 0.80050206578431, 79.73415402073374, 99.9050871972485, Zubat
flying, 8.053603981805457, 0.7744515751217594, 79.4840904386305, 88.27650137994482, Zubat
fire, 95.15786164771733, 2.025420065146843, 212.55078334656858, 170.99313099984158, Ponyta
ice, 10.397797230679469, 0.7294777449742187, 124.09618491148218, 97.13340679252583, Glaceon
ice, 10.207460984927906, 0.6630596633927379, 121.51456575566036, 94.43362352255228, Glaceon
flying, 3.1464172017676133, 0.31563603317746863, 90.2402610050993, 79.43863582249071, Pidgey
flying, 3.2719696178150586, 0.26015378977934295, 102.0511811151947, 78.91675479460432, Pidgey
flying, 7.886231875838242, 0.7421904487857953, 86.58263514940765, 89.3144736321676, Zubat
flying, 9.140690244732347, 0.6883192852195397, 101.77758173811475, 85.74391765756016, Zubat
normal, 6.439462217300001, 0.5629681182006275, 109.5621608376917, 94.75651986977029, Meowth
normal, 3.3776497023380117, 0.2926292868814799, 95.15713562239864, 82.25335509887732, Rattata
ice, 11.231761543689881, 0.6582472557077983, 133.98360185662793, 103.04471441983135, Glaceon
ice, 11.496273971988572, 0.7737772679131707, 104.76820015319102, 99.74930163269885, Glaceon
ice, 9.82283996425844, 0.6974801277977198, 116.77172161525459, 92.05059346045209, Glaceon
ice, 172.69878508256738, 2.842213060336937, 192.99512152663198, 193.1447077680108, Lapras
ice, 11.00410633618582, 0.8041178218429189, 100.94023702445816, 110.51996814305107, Glaceon
fire, 9.269676646558937, 0.6012372838111973, 108.80571368430451, 122.09587584334193, Vulpix
flying, 2.712767958270924, 0.34237038842136197, 84.71982768961654, 92.75625821197836, Pidgey
fire, 9.03180858012435, 0.6732049618528858, 107.79553849842469, 110.71610299674445, Vulpix
fire, 9.129012410390255, 0.5144940939140676, 115.0426855967807, 101.04701224933514, Vulpix
ice, 189.74574096094443, 2.657981829103681, 174.51177830362465, 176.31616318179724, Lapras
normal, 2.658648965524237, 0.2719092319728752, 86.2217524660792, 75.20718239976057, Rattata
normal, 5.390025162917928, 0.5604431459609274, 92.30464908143162, 96.03186935256734, Meowth
fire, 98.04101375120732, 1.7741646055688136, 224.79257439673796, 190.7790652347985, Ponyta
flying, 2.702579257196546, 0.29536214349372386, 90.88105621217395, 99.34543968324991, Pidgey
normal, 6.165899306600883, 0.4468634894343632, 112.33220483662, 81.91936442388823, Meowth
ice, 10.701416369494664, 0.7324036911179946, 122.62197119908876, 90.65659448601286, Glaceon
flying, 8.884157964238085, 0.6216743150672248, 91.79967019353137, 87.63876165794173, Zubat
flying, 7.278992990983363, 0.6650037846162027, 89.95847030178741, 97.08737338005082, Zubat
ice, 190.59374580557284, 2.2593189146272694, 188.45461200763916, 165.7330677234774, Lapras
flying, 3.2745425721723342, 0.285370612140427, 77.73199894161527, 81.99229904191003, Pidgey
ice, 11.21047979896686, 0.7002600488220244, 116.84496506231054, 112.08327864668024, Glaceon
ice, 214.31774224294367, 2.428953924098232, 206.57594101639106, 193.96311109928897, Lapras
ice, 12.598481152664034, 0.5950027487304974, 119.85174357676658, 108.57075199190109, Glaceon
fire, 11.138454251437382, 0.6835264036082224, 101.75273557405205, 121.61890418964876, Vulpix
ice, 9.793151000942267, 0.6308631111364019, 110.91867119710115, 90.56745927483291, Glaceon
flying, 3.038062178973776, 0.34388757091499167, 81.25789301217482, 97.2375642122046, Pidgey
ice, 9.768917510281096, 0.7016950550582006, 127.65444854056943, 107.6097185518865, Glaceon
ice, 10.669583217895468, 0.7125647096696868, 106.9051027186167, 95.89535116103094, Glaceon
ice, 196.70934287455907, 2.21035216695655, 185.24146152091114, 186.268028635854, Lapras
flying, 2.7529476154158794, 0.32071991262985444, 90.7099677462097, 84.02488394440019, Pidgey
fire, 93.69879004364196, 1.9259353544258955, 209.2556172738034, 147.80414426140354, Ponyta
flying, 7.135542809205378, 0.6187265397689091, 93.22307158234973, 84.83865770186834, Zubat
flying, 7.2137236502197775, 0.6986292922054035, 98.5410186387858, 97.8941069123426, Zubat
ice, 10.83041048964703, 0.7973624255675755, 123.55342638821689, 110.47871573369378, Glaceon
flying, 7.1726737108746494, 0.7826942578657092, 99.55611052075905, 80.19633360631016, Zubat
fire, 84.24764283447895, 1.8085977089107952, 218.39295565247244, 158.43430677678754, Ponyta
ice, 11.00871164465801, 0.6707580368478069, 118.29339355128704, 114.88690479764135, Glaceon
ice, 12.030180225387753, 0.7656565440848803, 131.77097061325924, 112.73877853280474, Glaceon
normal, 3.385184784659847, 0.25655367680180957, 86.6751249440133, 91.15288541318517, Rattata
flying, 8.18873739648236, 0.7977188450009882, 81.52458747125465, 99.0554605975408, Zubat
ice, 11.798785032656058, 0.7643995239207982, 108.87869230960824, 104.25616192089777, Glaceon
normal, 3.3233269302146273, 0.2606995262185165, 102.30529581815205, 82.57233770244282, Rattata
flying, 2.8482117479168063, 0.30819080502097046, 103.47929287124212, 90.66274038420424, Pidgey
ice, 9.434263965802652, 0.7893769857397056, 133.11204262638654, 121.73127616592393, Glaceon
fire, 10.767381275946642, 0.6761977007238048, 113.49145128865761, 121.94751913056069, Vulpix
fire, 8.585394659506239, 0.6252590156104476, 96.44153640267479, 127.96725753575934, Vulpix
ice, 211.37935490521025, 2.4295050491479855, 204.27997610697938, 173.88807964727698, Lapras
normal, 5.809937440581594, 0.515262703773906, 102.88963268355293, 92.27009978496132, Meowth
normal, 3.0717130146571083, 0.2906316724559363, 91.9349163029994, 93.8796755453917, Rattata
ice, 209.76942479118296, 2.4807904591729346, 205.50465668036946, 186.3710793239772, Lapras
fire, 83.73654946108886, 2.293993487202587, 215.21373479463693, 175.87598894886688, Ponyta
flying, 8.896605071068075, 0.6576278560979347, 100.15657156858363, 100.38965177206371, Zubat
ice, 11.672955546424177, 0.6790786781147923, 121.65693247556354, 103.69066487206054, Glaceon
fire, 10.47062323500851, 0.5636137738015027, 103.77644647588802, 131.28058314922902, Vulpix
ice, 9.608204843433315, 0.6035212934077272, 123.44587698284006, 110.58441347348469, Glaceon
fire, 10.280692218608563, 0.647090941242871, 116.4252378911431, 116.91258734515833, Vulpix
normal, 2.985457442059176, 0.25624782205568347, 90.77265175565402, 92.86680730171442, Rattata
ice, 11.040499708131613, 0.7293141578939304, 113.96622390185264, 115.57317167762231, Glaceon
ice, 183.22231299943022, 2.653815913046199, 171.00646061335337, 179.10251690808226, Lapras
normal, 6.869625842300724, 0.5590863595577549, 98.12031573574897, 91.83493250112357, Meowth
ice, 11.418125972252117, 0.6104487902140954, 105.96699998497965, 104.49759179664652, Glaceon
flying, 7.735038836316607, 0.6235744848840999, 98.52123270870571, 87.49658417344571, Zubat
ice, 11.529417327220223, 0.6090760134104863, 120.02027023088755, 108.30991310551659, Glaceon
ice, 12.411469698107739, 0.6135654326131037, 107.16920571900334, 100.71269390261645, Glaceon
fire, 93.06002826273853, 2.228554187885913, 218.31089911958733, 156.19404872998345, Ponyta
normal, 6.871763132659104, 0.5476898133405751, 118.52592016532836, 97.7818555138449, Meowth
ice, 220.07436449972863, 2.661335202533623, 205.77428764969613, 182.6017029679827, Lapras
flying, 7.627742229271038, 0.8036518005413642, 83.20405233626278, 92.30274965510326, Zubat
ice, 10.383182573399207, 0.8039389647009589, 110.89874147194702, 104.86470679048978, Glaceon
normal, 6.77696002312032, 0.5385415772597731, 111.2118447851164, 94.99477332158705, Meowth
fire, 11.34343206730526, 0.6301237165701937, 95.73766479871475, 135.28073661616764, Vulpix
normal, 2.828539109944687, 0.3121427310775806, 98.90257702957584, 85.0097271620577, Rattata
ice, 10.125290431641147, 0.7048047647639047, 119.12689236252538, 91.11868910466319, Glaceon
fire, 89.68940128604942, 2.2273508694623367, 183.73160020715815, 182.82890562140597, Ponyta
flying, 8.315643633395382, 0.7601041294896156, 95.96033073189334, 102.16489855527308, Zubat
ice, 10.481320308910355, 0.6593637704651827, 104.19638936207146, 113.77280801521842, Glaceon
ice, 9.43354130071628, 0.7254208836119233, 114.34894424362851, 115.95409412311122, Glaceon
flying, 8.624480139895502, 0.803625579718573, 97.83199608630643, 88.07606078117952, Zubat
flying, 7.754106426113766, 0.6373111425269895, 87.00538337921529, 81.8246430296125, Zubat
ice, 10.96437740399667, 0.6276660942629939, 128.90227693553683, 105.05287098953917, Glaceon
normal, 6.2113116767684, 0.5088751476136394, 103.93480908631398, 80.39793272746996, Meowth
normal, 5.532394313375732, 0.4554586337592093, 111.90530482388164, 95.7241114085377, Meowth
ice, 9.541176908858635, 0.7187611769415129, 110.97788649871947, 104.46762583995208, Glaceon
flying, 2.913466740510863, 0.2651534923839379, 98.67880718643664, 102.06672901986383, Pidgey
normal, 5.247014880444947, 0.4343766425091548, 108.95434072411864, 102.24519199892197, Meowth
flying, 2.753168478913558, 0.2659338534105173, 90.51053901257632, 91.84823929792948, Pidgey
normal, 5.885859120552352, 0.461636250596518, 100.87843349775459, 99.18305311680061, Meowth
ice, 11.647944705711309, 0.7879600568378166, 135.58869357811724, 112.5473164129251, Glaceon
ice, 10.466122422012369, 0.6395261122484089, 113.99361540831129, 106.99314642454216, Glaceon
flying, 3.4282852907417634, 0.33207915413905487, 86.42441611112955, 99.19270262157478, Pidgey
flying, 8.868067043544185, 0.7204483205169941, 86.93753457345885, 76.55270834789502, Zubat
ice, 9.464260219575731, 0.6958060963736902, 117.16424868658895, 108.73973855644738, Glaceon
ice, 9.584711002939375, 0.6333810488316497, 102.52836123226966, 118.49686252747091, Glaceon
normal, 2.9639659342959845, 0.27944961539524604, 98.20245006990241, 86.68224189931972, Rattata
fire, 10.46024390362431, 0.5372517468737854, 101.08555314482135, 109.53628461814147, Vulpix
fire, 85.73677692870686, 1.9367505892753363, 222.0576419896712, 153.81323887034011, Ponyta
normal, 6.010210423744259, 0.4806566850208363, 89.12502575642256, 85.82212870949678, Meowth
ice, 11.154966049314677, 0.8010294994662517, 114.28403055031599, 101.28780700784867, Glaceon
flying, 7.095653019860596, 0.6662904528536203, 88.95168389230419, 76.90176878856569, Zubat
normal, 2.7830494722461494, 0.34098746082743914, 83.3539247978162, 83.51409667834143, Rattata
flying, 7.782285009053027, 0.6466272343036179, 88.80967744263444, 82.15672376317391, Zubat
ice, 11.86324662480962, 0.6291159085606479, 131.81156853414632, 112.51271289971088, Glaceon
normal, 5.3073235484203245, 0.44976768331649003, 119.19013839046241, 86.65363162822797, Meowth
normal, 5.1778345356030036, 0.5450574321926944, 117.72577841170681, 86.31217549507504, Meowth
normal, 2.949039045994928, 0.33026631597756845, 86.82761417895314, 80.47601708453183, Rattata
ice, 10.56762082486358, 0.7993483060071103, 108.7486486632528, 119.73354978036885, Glaceon
flying, 3.172031917218665, 0.26309888248423335, 97.72693917899866, 93.34276753138727, Pidgey
ice, 199.8209246737027, 2.7218698032050397, 175.07387442895498, 172.51109379744318, Lapras
ice, 191.49471927411935, 2.7512848210345524, 209.7079275921343, 188.72558901099816, Lapras
normal, 5.318189801016825, 0.5384206705660419, 116.41180214173966, 89.8456398289772, Meowth
ice, 196.11439044931078, 2.147626239128032, 216.8517830140573, 205.25489495185263, Lapras
ice, 10.794073594483573, 0.6991220765321432, 117.46327155247536, 109.30352614438456, Glaceon
normal, 2.6922261451384606, 0.2860888468898362, 94.3989543568275, 93.03758905989224, Rattata
normal, 2.7652275765499614, 0.2905462625119635, 90.26486719958021, 75.70791143934608, Rattata
normal, 3.290020175450429, 0.3337341532175094, 80.16020271903446, 98.49178947685449, Rattata
normal, 2.5794155520941393, 0.27471031423820547, 82.87897294431136, 75.62202941138447, Rattata
normal, 2.886047630038103, 0.2673379920349644, 94.95507176631014, 95.48533909975473, Rattata
ice, 193.88686440974453, 2.767955857753312, 166.3745014155858, 187.2142381146918, Lapras
normal, 2.8223806982660937, 0.2990530213401308, 93.63715425648854, 98.86573977890735, Rattata
fire, 9.12527236623037, 0.5978771148132438, 107.47379859403904, 112.07173398265921, Vulpix
flying, 8.253031461137326, 0.759765622348547, 80.58476953824417, 84.35329977440428, Zubat
ice, 10.605975951232214, 0.7103372963495934, 123.38632109486116, 107.93641614090292, Glaceon
ice, 218.282815336802, 2.302422660891386, 201.81059979996076, 190.875765789065, Lapras
flying, 3.0457233022937302, 0.256553402954056, 91.34270622945125, 92.99606923117017, Pidgey
flying, 2.881692838353503, 0.3249173817202848, 85.8051372092506, 87.73310548450297, Pidgey
fire, 10.789997909401325, 0.5467519846963228, 115.33833589066137, 112.60846774728188, Vulpix
flying, 2.5767919269776973, 0.28377653911835093, 95.88515712016736, 88.21078682913, Pidgey
normal, 2.974342781148719, 0.28216075112788874, 89.80542347206787, 97.8563840663515, Rattata
ice, 170.59351562817292, 2.35882556050469, 205.09298427466192, 183.54100457847903, Lapras
flying, 7.6932917416099995, 0.7504416828052831, 87.6514576068756, 98.78291479335014, Zubat
fire, 84.8719088353819, 1.7196330080536075, 179.8928249774632, 160.99360256937916, Ponyta
ice, 9.377423993846222, 0.773422579488192, 118.64053053615896, 104.49416597701784, Glaceon
ice, 9.973938471356352, 0.5977843693201033, 111.6620254496357, 102.96838082876171, Glaceon
ice, 11.92386884531491, 0.7839990293402452, 126.50752789610259, 101.91444301839371, Glaceon
normal, 2.675634190062363, 0.29580290749755184, 82.67563585048913, 89.85850983934529, Rattata
ice, 9.37818946683587, 0.6673615851483851, 107.06620654557491, 96.74785179276677, Glaceon
normal, 5.914973454408946, 0.42974429276784676, 114.32490138207976, 82.76134404765794, Meowth
ice, 9.666066468760343, 0.676399029459087, 113.63289422319204, 100.53414581334312, Glaceon
fire, 11.075623375034585, 0.5324461586409427, 95.1320235037523, 121.33731739617339, Vulpix
ice, 211.55140201242426, 2.5138272720984505, 217.54677758192057, 170.50896352540462, Lapras
ice, 11.754823833903226, 0.6693241421873797, 117.95506985259578, 108.35528890510847, Glaceon
ice, 10.955669404265038, 0.7696304376531193, 116.73687443559426, 104.06333965065846, Glaceon
flying, 8.97826397866226, 0.6982213649040342, 94.48114437090523, 80.0268714230035, Zubat
ice, 11.466361611430134, 0.5985571183208876, 120.69708320467137, 110.30011735390559, Glaceon
fire, 10.292932516502383, 0.5563583164183359, 97.32306206477433, 122.19349899337743, Vulpix
ice, 215.93336225258207, 2.733067615270622, 169.66560324891995, 207.7045729405069, Lapras
fire, 10.051521741857982, 0.6491741752680446, 107.53787519904688, 106.45103309965474, Vulpix
ice, 9.673198037958269, 0.7352962948862575, 129.0985946432025, 99.0077758005892, Glaceon
flying, 7.60131185512458, 0.7404366237487187, 99.32802910537434, 92.80425423979639, Zubat
flying, 8.746571408516264, 0.7082422203432288, 92.54622901512629, 90.34256349528303, Zubat
flying, 7.9909532465450495, 0.6440398922402287, 79.08208148897376, 82.5181855799329, Zubat
ice, 11.66073217131404, 0.6744170192533997, 131.5451305039233, 101.28515210835283, Glaceon
ice, 11.476831835958013, 0.6011184133451296, 110.33548443927342, 97.72620348165096, Glaceon
fire, 104.05996685711835, 1.8713541183610487, 182.10143256516255, 145.95149071493438, Ponyta
normal, 2.886769807169222, 0.2840024218821738, 93.33631775932024, 77.88412757799686, Rattata
normal, 5.8256652177607755, 0.5637575381826474, 112.23815371395725, 80.32097549084091, Meowth
ice, 11.980499369816012, 0.7491049443284737, 116.84723945402285, 99.33294316731931, Glaceon
flying, 8.82941440984027, 0.6110659674941724, 79.2952735221303, 79.04087213395515, Zubat
ice, 194.20245539284878, 2.653058832791985, 178.8442815833584, 195.92561820156425, Lapras
fire, 9.802856916328864, 0.6466343983547324, 99.68550808447036, 104.63437835772652, Vulpix
ice, 11.419970913607916, 0.7141954939098166, 127.68957914643906, 97.81509653180343, Glaceon
fire, 98.0867793368252, 1.955490708052766, 218.85943323863714, 171.82896493942363, Ponyta
fire, 81.19074508641113, 1.904944832309515, 205.66517793468756, 188.06084827578675, Ponyta
ice, 216.66149470701538, 2.831951480052664, 182.699060822437, 197.82352695389366, Lapras
ice, 12.559252092383, 0.6540362826821964, 111.16956028821247, 96.34320957864652, Glaceon
normal, 3.1138122598421654, 0.3277639320828795, 89.05741687504322, 87.92048563181501, Rattata
normal, 2.633386278310879, 0.3076642279214479, 105.23642772530508, 73.71193967644659, Rattata
flying, 8.9029251246027, 0.7221057517512652, 96.49871766186445, 96.0821186255962, Zubat
ice, 178.58438543113652, 2.6690008741611813, 207.36157569188939, 171.93426848179843, Lapras
fire, 103.27948259273106, 2.1261712955770613, 198.0496734031376, 174.57486779325296, Ponyta
fire, 10.965971142503612, 0.5605620970669877, 120.04343422301721, 119.59210921760094, Vulpix
fire, 86.53692708068479, 2.189441375679882, 229.10674911332075, 167.69974743334132, Ponyta
fire, 90.11541713743723, 1.8479417121878805, 213.50226482884327, 149.60946741802752, Ponyta
ice, 10.064143621905473, 0.6479980827979502, 113.64768917640092, 99.11475635347863, Glaceon
fire, 89.95631010910407, 1.8808056426302935, 199.64339093570024, 192.62723698766257, Ponyta
ice, 193.95825152495965, 2.3590773701503323, 177.52124627956093, 210.07354009780934, Lapras
ice, 180.89621409425018, 2.3154363141119183, 190.87197255261987, 162.64759713397845, Lapras
normal, 6.543844696992154, 0.5464483734379817, 112.46690365252147, 87.51776480281579, Meowth
normal, 3.3966247049866864, 0.27290046274649077, 89.8150601821744, 75.09059831197587, Rattata
fire, 8.757939615824455, 0.6513303651029195, 99.34238837439169, 101.95814495445799, Vulpix
normal, 5.777805055325665, 0.46202187678036755, 112.91517177026145, 104.32470386704378, Meowth
normal, 6.694168215658744, 0.4763909287511547, 99.79872256258406, 79.97022982150202, Meowth
ice, 11.603396375781507, 0.6712047859566395, 117.53532984089519, 114.88859841501375, Glaceon
fire, 107.80568755275489, 1.8998584706632402, 207.64565789764103, 146.13921343887063, Ponyta
fire, 93.8264868527462, 2.153734095109173, 220.0989607522044, 155.21098065366337, Ponyta
flying, 2.5978992636725273, 0.32063831201024917, 85.23775731242281, 93.38662373622515, Pidgey
ice, 198.63911553957325, 2.7351322794789357, 215.7599605571307, 197.54264582291387, Lapras
fire, 106.66703201303093, 2.2502602841961856, 193.2109503393625, 186.98848185767594, Ponyta
flying, 3.0026876090153105, 0.26023719889854957, 80.44014989105737, 87.17787768210306, Pidgey
ice, 12.2878271061442, 0.6980896224365852, 121.34027395988687, 111.62826719955729, Glaceon
normal, 3.296522275058345, 0.2682235291574947, 96.70578519776535, 96.41931541285123, Rattata
ice, 10.729517239512631, 0.7953601749569287, 114.87481588597771, 116.64744613395632, Glaceon
normal, 3.4113591226970397, 0.33928899784224625, 79.01923336531667, 93.56528883742872, Rattata
flying, 3.0254858829330047, 0.30498131595447103, 82.18115153793713, 83.46020824140479, Pidgey
ice, 11.135430967247018, 0.7415561812034848, 127.10417249122781, 109.38878174784458, Glaceon
fire, 8.873814612177227, 0.630267536757186, 110.72055988107721, 120.8368970879994, Vulpix
ice, 9.51785764578973, 0.6813476738959892, 135.4208591870264, 121.03361813175182, Glaceon
fire, 8.5914284001753, 0.602301078840137, 96.06595517083146, 102.16058416933542, Vulpix
fire, 11.340319325727878, 0.657735696481059, 95.6244464862586, 106.21486375668773, Vulpix
ice, 197.003454603889, 2.813628569006195, 166.85027092221014, 167.66357462212463, Lapras
flying, 2.951907097301074, 0.30662904455999795, 93.53244821378101, 94.00835683642286, Pidgey
ice, 11.820063559332658, 0.671404357052936, 132.97328526798782, 96.10401448739661, Glaceon
flying, 7.131923730621745, 0.6481639148292075, 102.32732042757318, 90.85667012222345, Zubat
ice, 12.263595246433049, 0.6780549223056747, 107.22207381667455, 120.12629306474875, Glaceon
fire, 10.915165691399157, 0.5869949415828773, 113.50401921934738, 128.82319753502165, Vulpix
ice, 9.989839436288433, 0.7079953348661169, 132.27928594597253, 107.49758452412158, Glaceon
flying, 7.409580826147504, 0.75723403017861, 99.58349391595445, 94.3488267028364, Zubat
ice, 10.86960600827609, 0.7186748008364291, 128.60980611827722, 101.11403968217728, Glaceon
flying, 2.787158898890304, 0.2799009020683308, 81.26680729658666, 89.97305785723684, Pidgey
ice, 10.772537739706413, 0.7143882760755225, 102.93113597767875, 104.25725160137372, Glaceon
ice, 217.76056053479118, 2.7234085401785983, 172.76230557742548, 177.12394460055964, Lapras
flying, 8.299064957000802, 0.6184479723467062, 88.89266652099572, 91.25608495220165, Zubat
ice, 12.571398906230973, 0.7540189587436504, 115.6569789097683, 110.1454762362322, Glaceon
ice, 10.333565623582576, 0.7254291765694412, 101.30967886604739, 90.74366235264331, Glaceon
normal, 3.099077609625169, 0.3151913587192703, 89.24062316085102, 88.477789405167, Rattata
fire, 102.85753591840846, 2.272444565753246, 200.14077308739684, 176.0349726246472, Ponyta
fire, 90.84283118347916, 2.1481306600387042, 187.60683678473134, 154.27318161894343, Ponyta
ice, 12.129506931136834, 0.7125213906873769, 119.24591140042746, 91.16001779790676, Glaceon
normal, 3.1553934675541466, 0.29066476349887993, 79.19376268948534, 92.71924090618761, Rattata
normal, 2.7682366296676215, 0.27278766216481454, 105.17334557968103, 87.92736484152987, Rattata
ice, 10.194550617598713, 0.6369594402817675, 132.47095659429027, 90.85856379688681, Glaceon
flying, 8.364532309093658, 0.7190316104813264, 82.66932898003132, 80.81563467914971, Zubat
normal, 6.803397279173934, 0.5214712309617168, 88.51484486140046, 100.32706834306455, Meowth
normal, 3.263138955178357, 0.2559387182975339, 82.56436693458342, 94.00173746160398, Rattata
fire, 99.2422653213015, 2.2968982084195595, 196.3329224751741, 170.53098389466632, Ponyta
normal, 3.163808882312425, 0.34346882967733816, 78.60471538121176, 97.49742551048769, Rattata
ice, 12.237512555541604, 0.6251839419437488, 116.99915946930959, 119.78766559078217, Glaceon
fire, 106.60534506892238, 1.9563169930993178, 177.1334449211507, 150.22676293148442, Ponyta
flying, 3.343031293564825, 0.27751077408395536, 99.66816825902752, 87.50086588444547, Pidgey
flying, 7.309548965059723, 0.657903172421041, 96.40926234445955, 90.45031984182052, Zubat
flying, 9.038855276029482, 0.6109419313080383, 81.72462429745384, 100.02820864498402, Zubat
flying, 7.75971946067781, 0.7489490728599766, 78.44132615088, 97.53324847023356, Zubat
ice, 11.51281754086832, 0.7394455434675167, 126.17463662718748, 91.87203663659368, Glaceon
ice, 10.572712112040652, 0.7878860342362034, 131.68271109056008, 101.07041940142491, Glaceon
flying, 3.2705046181318385, 0.29046936992771283, 94.07289533404783, 98.00613548042173, Pidgey
fire, 101.95385995960454, 1.939011836157723, 200.60659357508106, 193.18604970943434, Ponyta
flying, 9.057006953015737, 0.731111305937983, 92.50431975587325, 76.89569143166072, Zubat
fire, 9.139633421933624, 0.5826390106977917, 120.31429679025267, 112.087346176853, Vulpix
flying, 3.3517239295691397, 0.32381006214698954, 95.42395386458175, 96.72909438370642, Pidgey
fire, 9.601868481475314, 0.5654925035242161, 94.0949276398833, 101.16722571571198, Vulpix
ice, 12.484336639979507, 0.6032215578840585, 110.476609885936, 120.75796075331749, Glaceon
ice, 192.53831281910422, 2.5292473657008583, 162.17525024460116, 212.63108822435248, Lapras
normal, 5.683268285986627, 0.5395477957825339, 93.9330753541817, 82.76043783355192, Meowth
normal, 3.3840879738103635, 0.3402166243958082, 80.56849703666444, 97.1927042083009, Rattata
ice, 11.685600344867026, 0.7297342138324205, 130.7891153117559, 113.0360045336545, Glaceon
normal, 6.280713633305799, 0.5431690714426238, 113.087969744087, 85.84042075879158, Meowth
ice, 171.63627933294276, 2.520284616732446, 188.1159707501711, 185.80257064644468, Lapras
fire, 107.8715840796017, 2.1922233093688264, 172.2897363445231, 185.5284246749179, Ponyta
ice, 10.503266426125263, 0.7224272048998341, 116.76100319260752, 99.55389340848647, Glaceon
flying, 6.821523052297789, 0.6213851215694125, 89.8601320489392, 81.58301668580637, Zubat
flying, 6.823311388706115, 0.7806071682539351, 89.39435303630741, 86.35797939605003, Zubat
ice, 186.95278227502772, 2.5449812918402577, 184.71379194273158, 177.2656409490267, Lapras
ice, 183.93013130618257, 2.299937855642968, 218.1862796853886, 179.5063489617862, Lapras
ice, 190.2461964099146, 2.4351614153674968, 183.8481950980531, 214.03350362391816, Lapras
ice, 209.80295559319765, 2.458132937874974, 184.207850397594, 181.55668355509712, Lapras
normal, 6.4875929311844445, 0.5052953550896999, 96.83661978200392, 106.35402778379685, Meowth
ice, 11.966329174370568, 0.6507640215112755, 134.2559374785451, 117.70682156157505, Glaceon
fire, 11.124695303304465, 0.5840063671651569, 92.58484236958793, 123.59120136996285, Vulpix
flying, 2.8481514642031733, 0.3105960040560217, 101.3425697995387, 83.6391161804069, Pidgey
normal, 2.9711219096473664, 0.29334639520096306, 88.40361596620177, 76.98322427198298, Rattata
ice, 10.280585875197314, 0.6695486772450228, 106.45324509189825, 106.85807875407019, Glaceon
ice, 221.85704790011928, 2.6255588381521036, 208.0179159340512, 214.99107108370467, Lapras
flying, 6.9180545459433205, 0.7140257811597518, 78.37659245513305, 82.47426978017745, Zubat
ice, 188.9829568898909, 2.22250294471106, 217.83419106384636, 205.76279600743757, Lapras
normal, 3.2744441115832825, 0.311868491831015, 82.57300917531491, 94.63370345638933, Rattata
ice, 199.80608064024167, 2.3750573787728646, 174.71774598490063, 170.44524668721917, Lapras
ice, 12.297915579893834, 0.7659519166159741, 105.86403305878663, 98.45683074616348, Glaceon
flying, 7.386439776856, 0.6386945941288084, 99.20863290795924, 82.36685896878072, Zubat
normal, 6.36299703598084, 0.5396863677821953, 103.52963661844203, 104.4644274822673, Meowth
normal, 6.151290832855461, 0.46210034917137843, 88.9630912573025, 104.81730897182327, Meowth
flying, 7.329049155196733, 0.6360398426201046, 83.89031681496581, 81.38233087916645, Zubat
fire, 108.63263982153663, 1.870042932347747, 205.95774185048245, 150.75884857969535, Ponyta
flying, 8.465798257925183, 0.7363713731059787, 87.01932562120464, 94.00746663454622, Zubat
flying, 6.906275316883826, 0.7830135184548038, 87.62556216898736, 95.35305834323388, Zubat
normal, 5.927026424229922, 0.5709863335613019, 94.72907329819016, 107.4803523862924, Meowth
normal, 2.863656393281677, 0.270291634553821, 95.97224218228979, 92.62529933478031, Rattata
fire, 102.58160776633193, 2.0062249798777816, 214.34657273690746, 179.83955274654784, Ponyta
fire, 10.932048069495522, 0.5924280449140648, 94.56575661763256, 124.29739505719607, Vulpix
ice, 217.16649307827416, 2.3306951547415147, 180.0082383105013, 213.52723124117142, Lapras
ice, 11.116256210027185, 0.7337875511961726, 125.40558567225479, 101.82379115800694, Glaceon
normal, 6.507254211921387, 0.5531661777009094, 100.85496617962355, 96.81321825422239, Meowth
fire, 10.938309561953073, 0.5411637962615392, 103.62744992614861, 113.21780512779593, Vulpix
flying, 2.7973249533174203, 0.2691745905442439, 92.2261646143134, 100.1773227987004, Pidgey
normal, 2.611953265718307, 0.2939595486194247, 81.90957521392612, 98.13046291116189, Rattata
ice, 177.8686847187531, 2.6216957391665585, 162.83653539904157, 167.4331325843903, Lapras
ice, 9.980105687672216, 0.7564160636418296, 133.39838308039688, 114.0119260062123, Glaceon
ice, 10.629538408213742, 0.625029772917423, 124.5646959752253, 109.22378477013385, Glaceon
ice, 9.748602495291895, 0.6080921166024877, 122.62032733419127, 107.85444302201158, Glaceon
ice, 10.358180875654618, 0.6275698194860233, 116.82842494222847, 118.56322655774716, Glaceon
normal, 6.064276826770743, 0.5060732425559272, 114.04865388038985, 83.94701787206156, Meowth
normal, 5.57829151175124, 0.4756217406676516, 112.4595581772181, 97.50499990044082, Meowth
flying, 6.869653432649453, 0.6380782109578562, 89.12069583816857, 83.10617916289533, Zubat
normal, 2.7926119089914696, 0.2650718892141488, 101.743653171394, 79.91074166987062, Rattata
fire, 10.687794714935817, 0.6739880932616478, 98.6443148550799, 101.65854425924391, Vulpix
ice, 171.39935377078797, 2.646847373255302, 183.87703180636413, 201.05443681796396, Lapras
ice, 226.73907167753418, 2.7627912458634514, 169.23826555252074, 163.29099969410018, Lapras
fire, 9.123558738316621, 0.5692925418846443, 103.48431436798504, 122.20094872528604, Vulpix
flying, 2.7439381295646936, 0.2607497367903908, 83.20114409262148, 84.1820956171656, Pidgey
flying, 7.465841659462311, 0.7054838330183406, 86.59694567916058, 92.57945176411383, Zubat
ice, 9.663731321431023, 0.7173631273819234, 120.75730483168151, 119.79643584056019, Glaceon
ice, 9.69701137212115, 0.6071018555183748, 122.82425022615153, 106.43203718446988, Glaceon
ice, 11.817214437207342, 0.61755608521047, 123.43705288036409, 102.57810844809862, Glaceon
flying, 6.977416916670586, 0.6021445793982214, 87.94575209042898, 102.98157424583933, Zubat
normal, 3.149584008500117, 0.3145817845471318, 97.20636580818274, 82.04304617636987, Rattata
ice, 12.051919233896733, 0.7471060348569887, 106.37614142317994, 91.91081194661862, Glaceon
flying, 7.657767385351503, 0.6503210125107143, 88.29568882273229, 93.76553066326927, Zubat
ice, 11.684402568327853, 0.6883482868179349, 132.7827332497254, 107.41067811191084, Glaceon
fire, 101.94846182421054, 1.8795253642311758, 171.85747055895044, 146.16090884632868, Ponyta
ice, 11.217415114912244, 0.6263991208379963, 132.01045527758407, 90.49375937383284, Glaceon
flying, 7.163533245508041, 0.7478124986475883, 101.95638530799168, 78.80322250786972, Zubat
fire, 10.747156189900965, 0.5356051042080419, 92.03932423974035, 112.27019870527951, Vulpix
fire, 105.49440975908453, 1.8961612845242324, 171.45836743508275, 150.82121322655834, Ponyta
ice, 12.141807742468329, 0.7140433763001107, 129.52203326438578, 93.11958487425562, Glaceon
ice, 224.86281954376307, 2.8075154561531184, 174.41486342441968, 206.07200097548187, Lapras
fire, 11.319517224620187, 0.657770152906478, 95.86672961740311, 101.65737445627148, Vulpix
normal, 5.112364883115024, 0.5690528126319043, 103.89479539086074, 86.03503119453542, Meowth
normal, 3.3635314614486114, 0.2825073161250372, 99.66026351302679, 93.94360740154978, Rattata
normal, 3.367866071604314, 0.2792894298464171, 85.53308355616872, 88.36302493073097, Rattata
normal, 2.905473445685915, 0.2944589230855237, 92.18550325036996, 92.38402018613799, Rattata
fire, 8.943127626382385, 0.5174622032746716, 111.51047309686454, 125.5417686851992, Vulpix
flying, 2.9055126578902923, 0.271952447609124, 94.94792905453836, 97.67814499579399, Pidgey
flying, 7.380363403533785, 0.6160119895091606, 89.69770002206124, 88.62516993719126, Zubat
flying, 2.858203406595795, 0.25591506866845315, 89.40238503199119, 98.97732309819207, Pidgey
fire, 101.52585929032888, 2.293861435122608, 198.03668638767795, 144.50295881344394, Ponyta
normal, 2.965668017903391, 0.2598641224334869, 100.9559502015916, 86.15945330550149, Rattata
normal, 3.208011098708147, 0.34025525898742126, 79.923408476572, 83.52480181962093, Rattata
flying, 8.565224823018092, 0.7968898016334058, 79.04464471300163, 100.06968032925381, Zubat
flying, 8.123769524507779, 0.7894932267757585, 98.85962621660127, 95.22813321753475, Zubat
fire, 94.11023348173092, 1.7880421013044407, 204.48699173184863, 180.25624251142827, Ponyta
normal, 3.3029646846532854, 0.28997171898799456, 94.73523487472815, 73.45278784988606, Rattata
flying, 7.075931167582849, 0.7124467795068284, 90.08261556357999, 98.46586482790853, Zubat
ice, 12.620054996413112, 0.7036381864995036, 126.66210020134668, 113.6931504077241, Glaceon
ice, 10.926132597473142, 0.6166574084418519, 132.5828729812133, 111.73008610887732, Glaceon
ice, 186.38492667116319, 2.247610051383572, 204.61655004809504, 216.45422828176476, Lapras
ice, 10.218461337860584, 0.6013183229359597, 116.62137295157503, 115.11898991030651, Glaceon
ice, 188.4611649481458, 2.79456570975089, 176.9604664063217, 180.12619990330606, Lapras
fire, 85.16821849304071, 2.1531272752257347, 203.14339239756995, 148.33590876836115, Ponyta
fire, 87.34839556266111, 1.7327746052421709, 198.74440152072245, 160.04121231792357, Ponyta
fire, 9.364968784160956, 0.6648632090544442, 97.49708832259842, 104.89546512205352, Vulpix
